Company_Name,Date,Sales,Expenses,Operating_Profits,Net_Profit,Other_Income,Interest,Depriciation,Profit_Before_Tax,Tax_Percent,OPM_Percent,Divident_Payout,EPS,prev_price,prev_eps,Price
ACC,Mar-11,8181,6599,1582,1078,319,58,428,1415,24%,19%,53%,57.39,559,83.3,989
ACC,Mar-12,10153,8232,1921,1301,191,97,510,1505,14%,19%,40%,69.29,989,57.39,1088
ACC,Mar-13,11275,9078,2197,1059,-72,115,569,1441,27%,19%,53%,56.42,1088,69.29,1207
ACC,Mar-14,11062,9416,1646,1095,265,114,584,1214,11%,15%,52%,58.31,1207,56.42,1452
ACC,Mar-15,11646,10116,1529,1162,241,83,568,1120,-3%,13%,55%,61.88,1452,58.31,1407
ACC,Mar-16,11706,10123,1583,588,-90,65,663,766,25%,14%,54%,31.3,1407,61.88,1595
ACC,Mar-17,10990,9532,1458,658,115,79,609,885,26%,13%,49%,35.06,1595,31.3,1380
ACC,Mar-18,13285,11370,1915,924,137,99,644,1310,29%,14%,53%,49.23,1380,35.06,1440
ACC,Mar-19,14802,12754,2048,1520,153,88,603,1510,-1%,14%,17%,80.97,1440,49.23,1857
ACC,Mar-20,15658,13245,2413,1377,332,86,606,2053,33%,15%,19%,73.35,1857,80.97,1516
ACC,Mar-21,13786,11431,2355,1430,50,57,639,1709,16%,17%,18%,76.16,1516,73.35,1579
ADANIENT,Mar-11,26405,22317,4088,2476,377,634,559,3273,14%,15%,4%,22.51,73,17.37,95
ADANIENT,Mar-12,39356,34355,5001,1839,545,1826,1224,2496,19%,13%,6%,16.72,95,22.51,64
ADANIENT,Mar-13,46375,40354,6021,1613,1775,3492,2298,2005,39%,13%,10%,14.67,64,16.72,40
ADANIENT,Mar-14,54947,45564,9383,2221,1157,5703,3223,1614,-64%,17%,7%,20.19,40,14.67,53
ADANIENT,Mar-15,64465,52015,12450,1948,792,7056,3522,2663,14%,19%,8%,17.71,53,20.19,91
ADANIENT,Mar-16,34008,32325,1684,1011,1044,1357,314,1056,7%,5%,4%,9.19,91,17.71,65
ADANIENT,Mar-17,36533,34631,1902,988,749,1257,315,1079,25%,5%,4%,8.98,65,9.19,66
ADANIENT,Mar-18,35924,33886,2038,757,363,1250,664,487,23%,6%,6%,6.89,66,8.98,156
ADANIENT,Mar-19,40379,38409,1969,717,504,1625,390,459,32%,5%,6%,6.52,156,6.89,162
ADANIENT,Mar-20,43403,41108,2294,1138,872,1572,472,1122,29%,5%,10%,10.35,162,6.52,238
ADANIENT,Mar-21,39537,37031,2506,923,494,1377,537,1086,31%,6%,12%,8.39,238,10.35,552
ADANIPORTS,Mar-11,2000,701,1299,918,110,167,239,1004,9%,65%,20%,4.58,132,3.37,160
ADANIPORTS,Mar-12,2697,952,1746,1102,34,281,316,1182,8%,65%,18%,5.5,160,4.58,157
ADANIPORTS,Mar-13,3577,1195,2382,1623,344,542,422,1762,7%,67%,12%,8.1,157,5.5,156
ADANIPORTS,Mar-14,4830,1910,2919,1740,685,977,649,1978,12%,60%,12%,8.4,156,8.1,192
ADANIPORTS,Mar-15,6152,2250,3902,2314,686,1175,912,2501,7%,63%,10%,11.18,192,8.4,352
ADANIPORTS,Mar-16,7109,2532,4577,2897,730,1124,1063,3119,9%,64%,8%,13.99,352,11.18,268
ADANIPORTS,Mar-17,8439,3021,5418,3912,1037,1116,1160,4179,7%,64%,7%,18.89,268,13.99,308
ADANIPORTS,Mar-18,11323,4166,7157,3674,844,1579,1188,5234,30%,63%,11%,17.74,308,18.89,452
ADANIPORTS,Mar-19,10925,4330,6596,3990,1289,1385,1373,5126,21%,60%,1%,19.27,452,17.74,402
ADANIPORTS,Mar-20,11873,5926,5947,3763,1928,1951,1680,4244,11%,50%,17%,18.52,402,19.27,394
ADANIPORTS,Mar-21,12550,4577,7973,4994,2682,2255,2107,6292,20%,64%,20%,24.58,394,18.52,562
AMBUJACEM,Dec-21,7297,5591,1705,1263,392,49,387,1661,24%,23%,31%,8.26,79,7.99,114
AMBUJACEM,Dec-21,8489,6490,1998,1228,203,53,446,1701,28%,24%,40%,8,114,8.26,146
AMBUJACEM,Dec-21,9749,7276,2473,1293,69,78,569,1896,32%,25%,43%,8.39,146,8,164
AMBUJACEM,Dec-21,9161,7492,1669,1279,390,67,494,1498,15%,18%,44%,8.27,164,8.39,208
AMBUJACEM,Dec-21,9955,8022,1934,1486,419,66,513,1774,16%,19%,46%,9.59,208,8.27,203
AMBUJACEM,Dec-21,9437,7895,1542,808,353,92,630,1173,31%,16%,54%,5.21,203,9.59,257
AMBUJACEM,Dec-21,20094,16913,3181,1105,441,153,1461,2008,29%,16%,50%,5.57,257,5.21,206
AMBUJACEM,Dec-21,23609,19751,3858,1516,335,206,1219,2768,30%,16%,47%,7.64,206,5.57,233
AMBUJACEM,Dec-21,26041,22030,4011,2177,232,170,1154,2919,-2%,15%,14%,10.97,233,7.64,280
AMBUJACEM,Dec-21,27104,22507,4597,2095,601,170,1153,3875,28%,17%,14%,10.55,280,10.97,229
AMBUJACEM,Dec-21,24516,19511,5006,2365,288,140,1162,3992,22%,20%,151%,11.91,229,10.55,220
APOLLOHOSP,Mar-11,2605,2183,422,184,12,78,95,261,33%,16%,25%,14.75,374,11.13,541
APOLLOHOSP,Mar-12,3148,2631,517,219,22,89,124,326,35%,16%,25%,16.31,541,14.75,694
APOLLOHOSP,Mar-13,3769,3157,612,304,33,103,142,399,26%,16%,25%,21.88,694,16.31,827
APOLLOHOSP,Mar-14,4357,3681,676,317,18,119,168,407,25%,16%,25%,22.77,827,21.88,925
APOLLOHOSP,Mar-15,5129,4392,737,340,47,118,212,455,29%,14%,24%,24.43,925,22.77,1439
APOLLOHOSP,Mar-16,6150,5465,684,236,92,180,264,332,29%,11%,35%,16.99,1439,24.43,1497
APOLLOHOSP,Mar-17,7256,6522,734,221,60,257,314,222,41%,10%,38%,15.88,1497,16.99,1250
APOLLOHOSP,Mar-18,8243,7442,801,117,24,295,359,171,65%,10%,59%,8.44,1250,15.88,1216
APOLLOHOSP,Mar-19,9617,8548,1070,236,26,327,396,373,47%,11%,35%,16.96,1216,8.44,1387
APOLLOHOSP,Mar-20,11247,9656,1591,455,222,533,620,660,34%,14%,18%,32.7,1387,16.96,1713
APOLLOHOSP,Mar-21,10560,9420,1140,150,103,449,573,221,38%,11%,29%,10.46,1713,32.7,2749
ASIANPAINT,Mar-11,7403,6072,1331,843,68,26,113,1260,30%,18%,36%,8.79,192,8.71,293
ASIANPAINT,Mar-12,9231,7720,1511,989,107,43,121,1454,30%,16%,39%,10.31,293,8.79,304
ASIANPAINT,Mar-13,10504,8767,1737,1114,114,42,155,1655,30%,17%,40%,11.61,304,10.31,456
ASIANPAINT,Mar-14,12220,10217,2004,1219,124,48,246,1834,31%,16%,42%,12.71,456,11.61,550
ASIANPAINT,Mar-15,13615,11372,2243,1395,142,42,266,2077,31%,16%,42%,14.54,550,12.71,922
ASIANPAINT,Mar-16,14271,11546,2725,1745,213,49,276,2614,32%,19%,41%,18.19,922,14.54,911
ASIANPAINT,Mar-17,15062,12068,2994,1939,338,37,335,2960,32%,20%,51%,20.22,911,18.19,989
ASIANPAINT,Mar-18,16825,13621,3204,2039,336,41,360,3138,33%,19%,41%,21.26,989,20.22,1208
ASIANPAINT,Mar-19,19240,15475,3765,2156,274,110,622,3306,33%,20%,47%,22.48,1208,21.26,1432
ASIANPAINT,Mar-20,20211,16054,4157,2705,355,102,780,3629,24%,21%,43%,28.2,1432,22.48,1862
ASIANPAINT,Mar-21,21713,16857,4856,3139,332,92,791,4304,26%,22%,55%,32.73,1862,28.2,2873
AUROPHARMA,Mar-11,4368,3405,963,563,61,65,172,788,29%,22%,10%,9.68,94,10.11,137
AUROPHARMA,Mar-12,4615,4050,565,-124,-300,277,201,-213,42%,12%,-24%,-2.12,137,9.68,58
AUROPHARMA,Mar-13,5842,4965,877,294,12,267,249,374,22%,15%,15%,5.05,58,-2.12,102
AUROPHARMA,Mar-14,8089,5951,2137,1173,18,310,313,1533,24%,26%,7%,20.12,102,5.05,272
AUROPHARMA,Mar-15,12103,9524,2579,1576,81,160,333,2168,28%,21%,8%,26.98,272,20.12,626
AUROPHARMA,Mar-16,13772,10579,3193,2025,200,257,392,2744,26%,23%,7%,34.61,626,26.98,886
AUROPHARMA,Mar-17,14910,11469,3441,2302,115,67,428,3061,25%,23%,6%,39.29,886,34.61,730
AUROPHARMA,Mar-18,16463,12691,3772,2423,105,78,558,3241,25%,23%,6%,41.36,730,39.29,698
AUROPHARMA,Mar-19,19564,15612,3952,2365,70,263,668,3091,24%,20%,6%,40.36,698,41.36,795
AUROPHARMA,Mar-20,23099,18249,4849,2845,166,305,967,3743,24%,21%,6%,48.56,795,40.36,518
AUROPHARMA,Mar-21,24775,19497,5278,5335,3195,74,1055,7344,27%,21%,4%,91.05,518,48.56,1023
AXISBANK,Mar-11,15155,5840,727,3340,4664,8589,294,5097,34%,5%,17%,16.27,235,12.23,275
AXISBANK,Mar-12,21995,6895,1131,4220,5487,13969,348,6270,33%,5%,16%,20.42,275,16.27,217
AXISBANK,Mar-13,27202,8538,1151,5235,6833,17513,359,7625,31%,4%,16%,22.37,217,20.42,303
AXISBANK,Mar-14,30736,9944,2089,6310,7766,18703,375,9479,33%,7%,15%,26.86,303,22.37,295
AXISBANK,Mar-15,35727,11521,2865,7448,8838,21341,420,11283,34%,8%,15%,31.42,295,26.86,604
AXISBANK,Mar-16,41409,13869,3196,8350,9955,24344,461,12690,34%,8%,14%,35.04,604,31.42,452
AXISBANK,Mar-17,45175,24327,-5941,3953,12422,26789,527,5954,33%,-13%,30%,16.51,452,35.04,491
AXISBANK,Mar-18,46614,29717,-10706,456,11863,27604,591,566,18%,-23%,0%,1.78,491,16.51,627
AXISBANK,Mar-19,56044,28020,-5860,5039,14189,33883,737,7592,34%,-10%,5%,19.59,627,1.78,726
AXISBANK,Mar-20,63716,35976,-10256,1853,16342,37996,806,5280,64%,-16%,0%,6.57,726,19.59,759
AXISBANK,Mar-21,64696,35192,-5422,7196,16152,34926,979,9750,26%,-8%,0%,23.49,759,6.57,695
BAJAJ-AUTO,Mar-11,16408,13229,3179,3455,1386,2,124,4438,23%,19%,34%,119.39,918,55.19,1564
BAJAJ-AUTO,Mar-12,19582,15901,3681,3049,502,23,147,4013,25%,19%,43%,105.35,1564,119.39,1610
BAJAJ-AUTO,Mar-13,20025,16370,3656,3133,790,1,168,4277,29%,18%,42%,108.26,1610,105.35,2229
BAJAJ-AUTO,Mar-14,20137,15974,4163,3380,674,1,181,4655,31%,21%,43%,116.82,2229,108.26,2100
BAJAJ-AUTO,Mar-15,21595,17467,4128,3026,228,6,267,4083,31%,19%,48%,104.56,2100,116.82,2491
BAJAJ-AUTO,Mar-16,22574,17781,4793,4061,1194,1,307,5679,28%,21%,39%,140.35,2491,104.56,2547
BAJAJ-AUTO,Mar-17,21755,17326,4429,4079,1468,1,307,5588,27%,20%,39%,140.98,2547,140.35,2919
BAJAJ-AUTO,Mar-18,25210,20364,4846,4219,1404,1,315,5933,29%,19%,41%,145.8,2919,140.98,3404
BAJAJ-AUTO,Mar-19,30358,25160,5198,4928,2028,4,266,6956,29%,17%,35%,170.29,3404,145.8,2747
BAJAJ-AUTO,Mar-20,29919,24809,5109,5212,1832,3,246,6692,22%,17%,67%,180.11,2747,170.29,3239
BAJAJ-AUTO,Mar-21,27741,22803,4938,4857,1570,7,259,6241,22%,18%,83%,167.85,3239,180.11,4236
BAJAJHLDNG,Mar-11,898,12,886,2323,2,0,0,888,8%,99%,17%,208.71,668,128.5,892
BAJAJHLDNG,Mar-12,295,12,284,1679,-8,0,0,275,28%,96%,17%,150.88,892,208.71,693
BAJAJHLDNG,Mar-13,337,15,322,1856,3,0,2,322,21%,95%,15%,166.8,693,150.88,1058
BAJAJHLDNG,Mar-14,423,23,400,1988,5,0,5,400,20%,94%,17%,178.59,1058,166.8,1045
BAJAJHLDNG,Mar-15,524,40,484,2029,35,0,6,513,19%,92%,19%,182.33,1045,178.59,1535
BAJAJHLDNG,Mar-16,470,42,429,2265,7,0,5,430,21%,91%,16%,203.54,1535,182.33,1695
BAJAJHLDNG,Mar-17,842,215,628,2473,8,0,5,630,21%,75%,15%,222.22,1695,203.54,2010
BAJAJHLDNG,Mar-18,420,65,355,2655,2390,0,5,2739,3%,85%,17%,238.54,2010,222.22,2905
BAJAJHLDNG,Mar-19,431,85,347,3048,2827,0,4,3170,4%,80%,12%,273.9,2905,238.54,3112
BAJAJHLDNG,Mar-20,435,134,301,2992,3058,13,33,3314,7%,69%,15%,268.84,3112,273.9,3500
BAJAJHLDNG,Mar-21,457,106,352,3650,3451,4,34,3766,3%,77%,12%,327.95,3500,268.84,3330
BAJFINSV,Mar-13,8055,4124,3931,1574,2,1204,22,2708,18%,49%,2%,98.89,481,84.03,938
BAJFINSV,Mar-14,6023,1531,4491,1544,3,1562,31,2902,24%,75%,2%,97.05,938,98.89,795
BAJFINSV,Mar-15,11335,5823,5511,1690,8,2230,38,3251,26%,49%,2%,106.19,795,97.05,1499
BAJFINSV,Mar-16,20533,13795,6739,1863,0,2877,58,3804,27%,33%,1%,117.09,1499,106.19,2045
BAJFINSV,Mar-17,24507,15794,8713,2262,0,3716,73,4925,30%,36%,1%,142.14,2045,117.09,3338
BAJFINSV,Mar-18,32862,22074,10788,2650,1,4531,160,6099,32%,33%,1%,166.54,3338,142.14,5038
BAJFINSV,Mar-19,42605,27569,15037,3219,2,6657,226,8155,34%,35%,1%,202.28,5038,166.54,6535
BAJFINSV,Mar-20,54351,36094,18258,3369,0,9500,457,8302,28%,34%,2%,211.71,6535,202.28,9950
BAJFINSV,Mar-21,60592,40950,19641,4470,-7,9274,498,9862,25%,32%,1%,280.92,9950,211.71,9388
BANKBARODA,Mar-11,22513,6295,2869,4434,3287,13350,260,5896,25%,13%,15%,22.65,118,17.46,181
BANKBARODA,Mar-12,30488,8216,2548,5249,4051,19724,295,6304,17%,8%,13%,25.53,181,22.65,166
BANKBARODA,Mar-13,36442,10950,1006,4804,4511,24486,322,5195,9%,3%,19%,22.81,166,25.53,179
BANKBARODA,Mar-14,40463,12049,809,5001,5555,27604,368,5996,18%,2%,19%,23.29,179,22.81,151
BANKBARODA,Mar-15,44915,13466,902,3912,5449,30547,368,5983,36%,2%,18%,17.69,151,23.29,228
BANKBARODA,Mar-16,45799,25391,-11700,-5068,5992,32107,525,-6233,19%,-26%,0%,-21.99,228,17.69,159
BANKBARODA,Mar-17,44473,19250,-4372,1815,7937,29596,540,3024,41%,-10%,15%,7.88,159,-21.99,170
BANKBARODA,Mar-18,46056,26093,-9197,-1887,7992,29160,901,-2106,9%,-20%,0%,-7.13,170,7.88,179
BANKBARODA,Mar-19,52906,25815,-5414,1100,7887,32506,948,1525,29%,-10%,0%,4.16,179,-7.13,124
BANKBARODA,Mar-20,78895,40583,-11728,928,12191,50040,1697,-1234,176%,-15%,0%,2.01,124,4.16,104
BANKBARODA,Mar-21,74314,38070,-6957,1548,14687,43201,1357,6373,77%,-9%,0%,2.99,104,2.01,80
BERGEPAINT,Mar-11,2263,2013,250,150,30,24,40,216,31%,11%,30%,1.55,23,1.24,37
BERGEPAINT,Mar-12,2846,2543,303,180,31,32,47,254,29%,11%,27%,1.86,37,1.55,36
BERGEPAINT,Mar-13,3227,2856,371,218,31,38,57,308,29%,12%,29%,2.25,36,1.86,63
BERGEPAINT,Mar-14,3732,3300,431,249,36,47,71,350,29%,12%,31%,2.57,63,2.25,82
BERGEPAINT,Mar-15,4170,3659,511,265,36,50,92,404,34%,12%,33%,2.73,82,2.57,180
BERGEPAINT,Mar-16,4223,3578,645,371,40,27,99,559,34%,15%,31%,3.82,180,2.73,197
BERGEPAINT,Mar-17,4552,3833,719,474,108,16,108,703,33%,16%,36%,4.88,197,3.82,226
BERGEPAINT,Mar-18,5166,4359,807,461,46,25,124,705,35%,16%,38%,4.75,226,4.88,280
BERGEPAINT,Mar-19,6062,5127,935,494,60,47,182,765,35%,15%,37%,5.09,280,4.75,333
BERGEPAINT,Mar-20,6366,5313,1053,658,69,47,191,883,26%,17%,32%,6.77,333,5.09,579
BERGEPAINT,Mar-21,6818,5635,1182,720,51,44,211,979,26%,17%,38%,7.41,579,6.77,822
BHARTIARTL,Mar-11,59602,39438,20164,5752,255,2535,10207,7678,23%,34%,7%,11.01,307,17.55,335
BHARTIARTL,Mar-12,71506,47965,23541,4257,428,4083,13368,6518,35%,33%,9%,8.15,335,11.01,345
BHARTIARTL,Mar-13,76947,53987,22960,2258,1159,4519,14815,4785,53%,30%,17%,4.32,345,8.15,340
BHARTIARTL,Mar-14,85864,59352,26512,2773,2881,5879,15650,7864,62%,31%,26%,5.04,340,4.32,300
BHARTIARTL,Mar-15,96101,62499,33602,4621,1243,4446,19858,10540,52%,35%,33%,8.41,300,5.04,363
BHARTIARTL,Mar-16,96532,62548,33984,6077,4858,8546,17450,12846,46%,35%,9%,11.05,363,8.41,315
BHARTIARTL,Mar-17,95468,60138,35330,3800,1713,9547,19773,7723,45%,37%,11%,6.91,315,11.05,339
BHARTIARTL,Mar-18,82639,52560,30079,1099,1756,9326,19243,3267,33%,36%,194%,2,339,6.91,498
BHARTIARTL,Mar-19,80780,55016,25764,410,4474,10622,21348,-1732,197%,32%,244%,0.74,498,2,316
BHARTIARTL,Mar-20,84676,51086,33591,-32183,-35600,14073,27094,-43177,29%,40%,-3%,-55.06,316,0.74,527
BHARTIARTL,Mar-21,100616,55337,45279,-15084,-4215,15091,29404,-3432,-260%,45%,0%,-25.63,527,-55.06,610
BIOCON,Mar-11,1806,1284,522,368,100,23,152,447,16%,29%,24%,3.06,50,2.44,71
BIOCON,Mar-12,2086,1569,517,338,62,12,174,392,14%,25%,30%,2.82,71,3.06,47
BIOCON,Mar-13,2485,1942,543,509,255,8,179,610,16%,22%,29%,4.24,47,2.82,50
BIOCON,Mar-14,2877,2190,687,414,56,2,204,538,20%,24%,24%,3.45,50,4.24,78
BIOCON,Mar-15,3090,2394,696,497,158,9,221,624,15%,23%,20%,4.14,78,3.45,72
BIOCON,Mar-16,3347,2957,390,550,639,29,249,751,19%,12%,18%,4.59,72,4.14,90
BIOCON,Mar-17,3891,2912,980,612,173,26,277,850,19%,25%,10%,5.1,90,4.59,175
BIOCON,Mar-18,4123,3294,829,372,228,62,385,610,26%,20%,16%,3.1,175,5.1,328
BIOCON,Mar-19,5514,4121,1394,905,340,71,448,1215,17%,25%,7%,7.54,328,3.1,341
BIOCON,Mar-20,6300,4725,1575,748,228,65,552,1186,27%,25%,0%,6.24,341,7.54,304
BIOCON,Mar-21,7106,5525,1581,740,260,58,715,1068,21%,22%,0%,6.17,304,6.24,474
BPCL,Mar-11,153765,149115,4650,1635,1336,1266,1891,2829,38%,3%,35%,7.54,109,7.53,111
BPCL,Mar-12,212140,207178,4961,781,1308,2259,2411,1599,47%,2%,55%,3.6,111,7.54,98
BPCL,Mar-13,242181,235472,6709,1881,1492,2518,2463,3220,40%,3%,42%,8.67,98,3.6,149
BPCL,Mar-14,264421,255007,9414,3911,1344,1982,2611,6166,34%,4%,31%,18.03,149,8.67,156
BPCL,Mar-15,242598,232818,9780,4807,2117,1180,3027,7690,34%,4%,34%,22.16,156,18.03,254
BPCL,Mar-16,187815,174844,12971,8089,1913,680,2072,12132,33%,7%,25%,37.29,254,22.16,315
BPCL,Mar-17,201251,187468,13783,8721,2721,696,2108,13700,31%,7%,49%,40.2,315,37.29,484
BPCL,Mar-18,235895,220578,15317,9009,2927,1186,2885,14174,31%,6%,46%,41.53,484,40.2,523
BPCL,Mar-19,298226,283113,15112,7802,2975,1764,3418,12905,34%,5%,48%,35.97,523,41.53,369
BPCL,Mar-20,284572,275597,8975,3055,1393,2637,4080,3652,0%,3%,106%,14.08,369,35.97,493
BPCL,Mar-21,230163,209170,20993,16165,7497,1723,4334,22432,23%,9%,102%,74.52,493,14.08,430
BRITANNIA,Mar-11,4609,4393,216,134,79,44,65,187,28%,5%,58%,5.62,171,2.16,211
BRITANNIA,Mar-12,5485,5174,311,200,59,42,62,267,25%,6%,51%,8.35,211,5.62,235
BRITANNIA,Mar-13,6185,5765,421,260,52,41,73,358,27%,7%,39%,10.85,235,8.35,287
BRITANNIA,Mar-14,6913,6286,627,395,34,8,83,569,30%,9%,36%,16.48,287,10.85,449
BRITANNIA,Mar-15,7858,6988,870,689,228,4,144,950,28%,11%,28%,28.71,449,16.48,1008
BRITANNIA,Mar-16,8397,7174,1224,825,115,5,113,1220,32%,15%,29%,34.36,1008,28.71,1503
BRITANNIA,Mar-17,9054,7776,1278,884,151,5,119,1304,32%,14%,30%,36.85,1503,34.36,1581
BRITANNIA,Mar-18,9914,8413,1501,1004,166,8,142,1518,34%,15%,30%,41.83,1581,36.85,2393
BRITANNIA,Mar-19,11055,9322,1732,1159,206,9,162,1768,35%,16%,31%,48.23,2393,41.83,3270
BRITANNIA,Mar-20,11600,9756,1843,1403,263,77,185,1844,24%,16%,60%,58.33,3270,48.23,3274
BRITANNIA,Mar-21,13136,10627,2509,1864,313,111,198,2514,26%,19%,204%,77.38,3274,58.33,3704
CADILAHC,Mar-11,4631,3602,1028,711,11,70,127,842,13%,22%,18%,6.95,98,4.93,172
CADILAHC,Mar-12,5263,4177,1086,653,49,183,158,794,14%,21%,24%,6.37,172,6.95,145
CADILAHC,Mar-13,6358,5228,1130,654,32,169,185,809,15%,18%,24%,6.38,145,6.37,182
CADILAHC,Mar-14,7224,6021,1203,804,30,90,201,942,11%,17%,23%,7.85,182,6.38,215
CADILAHC,Mar-15,8651,6896,1756,1151,45,68,287,1446,18%,20%,21%,11.24,215,7.85,344
CADILAHC,Mar-16,9427,7095,2332,1934,112,53,292,2099,8%,25%,17%,18.89,344,11.24,337
CADILAHC,Mar-17,9376,7474,1902,1488,127,45,373,1612,8%,20%,22%,14.53,337,18.89,381
CADILAHC,Mar-18,11905,9074,2831,1776,111,91,539,2312,24%,24%,20%,17.35,381,14.53,456
CADILAHC,Mar-19,13166,10174,2991,1849,183,194,599,2382,22%,23%,19%,18.06,456,17.35,359
CADILAHC,Mar-20,14253,11455,2798,1177,-264,342,696,1495,21%,20%,30%,11.49,359,18.06,279
CADILAHC,Mar-21,15102,11758,3344,2134,-171,164,725,2285,6%,22%,17%,20.84,279,11.49,509
CHOLAFIN,Mar-11,1209,526,107,85,25,575,10,123,31%,9%,21%,1.42,21,1.59,39
CHOLAFIN,Mar-12,1784,546,248,169,52,990,10,289,42%,14%,20%,2.55,39,1.42,32
CHOLAFIN,Mar-13,2570,688,472,308,1,1410,22,452,32%,18%,16%,4.3,32,2.55,59
CHOLAFIN,Mar-14,3279,932,578,368,1,1769,25,554,34%,18%,14%,5.14,59,4.3,58
CHOLAFIN,Mar-15,3715,1061,696,444,0,1958,30,666,33%,19%,11%,6.18,58,5.14,113
CHOLAFIN,Mar-16,4214,1266,899,575,2,2048,22,879,35%,21%,12%,7.36,113,6.18,131
CHOLAFIN,Mar-17,4694,1322,1143,719,3,2228,39,1107,35%,24%,12%,9.21,131,7.36,213
CHOLAFIN,Mar-18,5559,1451,1451,919,0,2657,51,1401,34%,26%,11%,11.76,213,9.21,272
CHOLAFIN,Mar-19,7108,1632,1888,1198,1,3588,57,1832,35%,27%,8%,15.32,272,11.76,253
CHOLAFIN,Mar-20,8712,2421,1699,1054,0,4592,111,1588,34%,20%,13%,12.86,253,15.32,336
CHOLAFIN,Mar-21,9583,2858,2150,1521,0,4576,102,2048,26%,22%,11%,18.55,336,12.86,464
CIPLA,Mar-11,6324,4950,1374,990,87,25,273,1162,17%,22%,23%,12.32,358,13.48,381
CIPLA,Mar-12,7021,5325,1696,1144,103,38,312,1448,21%,24%,14%,14.25,381,12.32,352
CIPLA,Mar-13,8279,6065,2214,1545,245,34,330,2095,26%,27%,10%,19.24,352,14.25,435
CIPLA,Mar-14,10173,8026,2147,1388,251,146,373,1880,25%,21%,12%,17.29,435,19.24,401
CIPLA,Mar-15,11345,9183,2163,1181,164,168,505,1654,24%,19%,14%,14.71,401,17.29,711
CIPLA,Mar-16,13790,11310,2480,1360,208,207,754,1727,19%,18%,12%,16.93,711,14.71,658
CIPLA,Mar-17,14394,11898,2496,1006,208,159,1323,1222,15%,17%,16%,12.51,658,16.93,593
CIPLA,Mar-18,15156,12329,2826,1411,280,114,1323,1669,15%,19%,17%,17.52,593,12.51,631
CIPLA,Mar-19,16362,13265,3097,1528,477,168,1326,2079,27%,19%,16%,18.96,631,17.52,524
CIPLA,Mar-20,17132,13926,3206,1547,344,197,1175,2178,29%,19%,21%,19.18,524,18.96,487
CIPLA,Mar-21,19160,14907,4252,2405,266,161,1068,3290,27%,22%,17%,29.82,487,19.18,864
COALINDIA,Mar-11,58167,44739,13428,10867,4876,76,1765,16463,34%,23%,23%,17.21,403,15.23,320
COALINDIA,Mar-12,72424,57131,15293,14788,8005,56,1969,21273,30%,21%,43%,23.41,320,17.21,358
COALINDIA,Mar-13,68303,50216,18087,17356,8752,46,1813,24979,31%,26%,51%,27.48,358,23.41,372
COALINDIA,Mar-14,70608,52842,17766,15112,7169,59,1996,22880,34%,25%,121%,23.92,372,27.48,292
COALINDIA,Mar-15,74120,56777,17343,13727,6570,9,2320,21584,36%,23%,95%,21.73,292,23.92,400
COALINDIA,Mar-16,105083,86369,18714,14267,5939,388,2826,21440,33%,18%,121%,22.59,400,21.73,337
COALINDIA,Mar-17,78164,65716,12448,9280,5316,410,2907,14446,36%,16%,133%,14.95,337,22.59,320
COALINDIA,Mar-18,85244,75956,9288,7039,4975,430,3063,10770,35%,11%,146%,11.34,320,14.95,311
COALINDIA,Mar-19,99586,74579,25007,17463,5834,264,3450,27127,36%,25%,46%,28.34,311,11.34,242
COALINDIA,Mar-20,96080,74500,21581,16714,6444,503,3451,24071,31%,22%,44%,27.12,242,28.34,214
COALINDIA,Mar-21,90026,71455,18571,12700,3791,645,3709,18009,29%,21%,78%,20.61,214,27.12,148
DABUR,Mar-11,4070,3295,774,569,58,29,95,708,20%,19%,35%,3.27,84,2.89,105
DABUR,Mar-12,5294,4401,893,645,55,54,103,790,19%,17%,38%,3.7,105,3.27,102
DABUR,Mar-13,6140,5148,992,763,100,59,85,948,19%,16%,34%,4.38,102,3.7,137
DABUR,Mar-14,7058,5897,1162,914,126,54,97,1136,19%,16%,33%,5.24,137,4.38,181
DABUR,Mar-15,7795,6475,1320,1066,154,40,115,1319,19%,17%,33%,6.07,181,5.24,262
DABUR,Mar-16,7780,6261,1518,1251,217,48,133,1554,19%,20%,32%,7.11,262,6.07,281
DABUR,Mar-17,7614,6102,1512,1277,296,54,143,1611,21%,20%,31%,7.25,281,7.11,284
DABUR,Mar-18,7722,6104,1617,1354,291,53,162,1693,20%,21%,81%,7.69,284,7.25,368
DABUR,Mar-19,8515,6775,1740,1442,222,60,177,1725,16%,20%,34%,8.17,368,7.69,448
DABUR,Mar-20,8685,6892,1792,1445,205,50,220,1728,16%,21%,37%,8.18,448,8.17,505
DABUR,Mar-21,9547,7545,2002,1693,325,31,240,2056,18%,21%,50%,9.58,505,8.18,552
DIVISLAB,Mar-11,1317,816,501,429,27,2,53,472,9%,38%,31%,16.19,357,12.88,337
DIVISLAB,Mar-12,1864,1173,691,533,56,5,62,681,22%,37%,32%,20.09,337,16.19,411
DIVISLAB,Mar-13,2145,1329,816,602,45,3,77,781,23%,38%,33%,22.67,411,20.09,559
DIVISLAB,Mar-14,2532,1514,1018,773,68,3,92,991,22%,40%,34%,29.13,559,22.67,727
DIVISLAB,Mar-15,3115,1942,1173,852,38,3,136,1072,21%,38%,31%,32.07,727,29.13,895
DIVISLAB,Mar-16,3776,2354,1423,1126,93,5,118,1393,19%,38%,24%,42.41,895,32.07,1173
DIVISLAB,Mar-17,4064,2615,1450,1060,72,3,123,1395,24%,36%,25%,39.95,1173,42.41,811
DIVISLAB,Mar-18,3891,2622,1269,877,107,2,142,1231,29%,33%,30%,33.04,811,39.95,1135
DIVISLAB,Mar-19,4946,3072,1874,1353,154,5,169,1855,27%,38%,31%,50.96,1135,33.04,1548
DIVISLAB,Mar-20,5394,3568,1826,1377,186,7,186,1819,24%,34%,31%,51.85,1548,50.96,1994
DIVISLAB,Mar-21,6969,4102,2867,1984,57,2,256,2666,26%,41%,27%,74.75,1994,51.85,3914
DLF,Mar-11,9561,5789,3772,1542,565,1706,631,2000,23%,39%,22%,9.09,403,10.13,298
DLF,Mar-12,9576,5935,3641,1201,836,2246,689,1541,24%,38%,28%,7.07,298,9.09,224
DLF,Mar-13,7773,5140,2633,712,1279,2314,796,802,17%,34%,48%,4.19,224,7.07,279
DLF,Mar-14,8298,5805,2493,646,1133,2463,663,500,-16%,30%,55%,3.63,279,4.19,186
DLF,Mar-15,7649,4635,3014,540,503,2304,545,668,24%,39%,66%,3.03,186,3.63,175
DLF,Mar-16,9926,5960,3966,306,506,2680,766,1026,55%,40%,117%,1.72,175,3.03,122
DLF,Mar-17,8221,4775,3446,715,1135,2980,572,1030,22%,42%,50%,4.01,122,1.72,140
DLF,Mar-18,6707,4329,2378,4464,9722,2951,534,8615,50%,35%,8%,25.02,140,4.01,273
DLF,Mar-19,8366,6218,2148,1319,784,2062,225,646,43%,26%,33%,5.98,273,25.02,187
DLF,Mar-20,6083,4937,1146,-583,1135,1427,200,653,326%,19%,-85%,-2.36,187,5.98,265
DLF,Mar-21,5414,3945,1469,1094,383,853,159,840,43%,27%,45%,4.42,265,-2.36,299
DRREDDY,Mar-11,7435,5874,1561,999,52,32,398,1183,16%,21%,19%,59.02,1257,20.82,1728
DRREDDY,Mar-12,9814,7371,2444,1301,-7,114,518,1804,28%,25%,18%,76.72,1728,59.02,1705
DRREDDY,Mar-13,11833,9164,2669,1527,146,100,550,2165,29%,23%,17%,89.9,1705,76.72,1970
DRREDDY,Mar-14,13415,10164,3251,1963,170,127,648,2646,26%,24%,16%,115.41,1970,89.9,2878
DRREDDY,Mar-15,15023,11515,3508,2336,260,108,760,2900,19%,23%,15%,137.13,2878,115.41,3389
DRREDDY,Mar-16,15568,11983,3585,2131,295,83,939,2859,26%,23%,16%,124.88,3389,137.13,3123
DRREDDY,Mar-17,14196,11724,2472,1292,172,63,1027,1554,19%,17%,26%,77.96,3123,124.88,3203
DRREDDY,Mar-18,14281,11930,2351,947,155,79,1077,1350,32%,16%,35%,57.07,3203,77.96,2615
DRREDDY,Mar-19,15448,12270,3178,1950,381,89,1135,2336,17%,21%,17%,117.42,2615,57.07,2728
DRREDDY,Mar-20,17517,15040,2477,2026,670,98,1163,1886,-7%,14%,21%,121.92,2728,117.42,3249
DRREDDY,Mar-21,19048,15173,3874,1952,335,97,1229,2884,32%,20%,21%,117.35,3249,121.92,5443
EICHERMOT,Mar-16,6173,4484,1690,1338,326,2,137,1877,29%,27%,20%,49.27,615,22.71,1791
EICHERMOT,Mar-17,7033,4859,2174,1667,416,4,154,2433,30%,31%,16%,61.27,1791,49.27,2371
EICHERMOT,Mar-18,8965,6156,2809,1960,536,5,223,3116,30%,31%,15%,71.89,2371,61.27,3042
EICHERMOT,Mar-19,9797,6893,2904,2203,701,7,300,3297,33%,30%,15%,80.75,3042,71.89,2329
EICHERMOT,Mar-20,9154,6971,2183,1827,572,19,382,2355,22%,24%,19%,66.91,2329,80.75,2259
EICHERMOT,Mar-21,8720,6937,1783,1347,482,16,451,1798,25%,20%,34%,49.28,2259,66.91,3037
EICHERMOT,Dec-21,4397,4067,330,189,155,10,57,418,27%,8%,16%,7.01,24,3.12,69
EICHERMOT,Dec-21,5684,5094,590,309,141,8,64,660,25%,10%,14%,11.44,69,7.01,129
EICHERMOT,Dec-21,6390,5840,550,324,136,4,82,600,21%,9%,17%,12.01,129,11.44,180
EICHERMOT,Dec-21,6810,6094,715,394,93,8,130,671,22%,11%,21%,14.57,180,12.01,299
EICHERMOT,Dec-21,8738,7621,1118,615,105,10,220,993,29%,13%,22%,22.71,299,14.57,615
GAIL,Mar-11,35070,28523,6547,4021,508,378,878,5799,31%,19%,24%,8.92,125,7.38,151
GAIL,Mar-12,44093,37054,7040,4444,722,366,1041,6355,31%,16%,25%,9.85,151,8.92,112
GAIL,Mar-13,50974,43547,7427,4374,887,437,1319,6558,34%,15%,28%,9.7,112,9.85,111
GAIL,Mar-14,61765,53777,7988,4786,1247,669,1644,6922,32%,13%,28%,10.61,111,9.7,110
GAIL,Mar-15,60557,54926,5631,3160,945,652,1433,4492,32%,9%,24%,7.01,110,10.61,126
GAIL,Mar-16,52053,47517,4536,1869,731,822,1496,2949,37%,9%,37%,4.14,126,7.01,107
GAIL,Mar-17,48552,42531,6021,3368,1212,509,1541,5183,35%,12%,56%,7.47,107,4.14,138
GAIL,Mar-18,54496,46695,7802,4799,948,295,1527,6928,31%,14%,43%,10.64,138,7.47,190
GAIL,Mar-19,76190,66252,9938,6546,1719,159,1667,9831,33%,13%,25%,14.51,190,10.64,182
GAIL,Mar-20,72518,63495,9022,9422,3796,309,2080,10429,9%,12%,31%,20.89,182,14.51,133
GAIL,Mar-21,57372,50127,7245,6136,2834,179,2174,7725,20%,13%,36%,13.82,133,20.89,146
GODREJCP,Mar-11,3692,3034,658,515,93,49,50,653,21%,18%,28%,5.3,99,3.67,142
GODREJCP,Mar-12,4853,3991,863,727,252,73,64,977,23%,18%,22%,7.12,142,5.3,150
GODREJCP,Mar-13,6412,5417,995,796,194,87,77,1025,17%,16%,22%,7.8,150,7.12,247
GODREJCP,Mar-14,7599,6430,1169,760,62,120,82,1030,20%,15%,24%,7.44,247,7.8,328
GODREJCP,Mar-15,8273,6894,1379,907,73,112,91,1249,22%,17%,21%,8.88,328,7.44,380
GODREJCP,Mar-16,8424,6766,1657,828,-262,128,101,1167,29%,20%,24%,8.1,380,8.88,458
GODREJCP,Mar-17,9268,7361,1907,1304,76,154,142,1687,22%,21%,39%,12.76,458,8.1,538
GODREJCP,Mar-18,9847,7763,2084,1634,283,173,156,2039,20%,21%,42%,15.99,538,12.76,752
GODREJCP,Mar-19,10314,8183,2132,2342,362,238,170,2085,-12%,21%,44%,22.91,752,15.99,824
GODREJCP,Mar-20,9911,7757,2154,1497,32,228,197,1760,15%,22%,55%,14.64,824,22.91,772
GODREJCP,Mar-21,11029,8629,2399,1721,23,138,204,2080,17%,22%,0%,16.83,772,14.64,808
GRASIM,Mar-11,21550,16555,4995,2279,399,407,1138,3849,25%,23%,8%,49.71,472,67.51,410
GRASIM,Mar-12,25245,19666,5579,2647,742,314,1154,4852,27%,22%,8%,57.74,410,49.71,432
GRASIM,Mar-13,27909,21986,5924,2704,824,324,1252,5171,28%,21%,8%,58.92,432,57.74,528
GRASIM,Mar-14,28331,23416,4915,2072,576,447,1457,3586,20%,17%,9%,45.13,528,58.92,478
GRASIM,Mar-15,31734,26590,5144,1744,530,667,1563,3443,30%,16%,9%,37.95,478,45.13,650
GRASIM,Mar-16,34487,28576,5911,2468,1320,718,1834,4679,26%,17%,9%,52.91,650,37.95,620
GRASIM,Mar-17,36068,28682,7387,3167,1076,702,1808,5952,29%,20%,8%,67.85,620,52.91,822
GRASIM,Mar-18,55894,44281,11612,2679,410,3663,2724,5635,35%,21%,15%,40.75,822,67.85,1261
GRASIM,Mar-19,77200,60719,16481,1693,-1686,6060,3571,5163,47%,21%,27%,25.75,1261,40.75,844
GRASIM,Mar-20,68252,57880,10373,4412,7076,6890,4004,6554,-1%,15%,6%,67.07,844,25.75,836
GRASIM,Mar-21,69963,57769,12194,4305,7571,5723,4033,10009,30%,17%,14%,65.42,836,67.07,1114
HAVELLS,Mar-11,5547,4990,558,304,20,90,80,407,25%,10%,10%,4.87,63,1.16,80
HAVELLS,Mar-12,6452,5778,674,370,25,128,95,476,22%,10%,22%,5.93,80,4.87,96
HAVELLS,Mar-13,7135,6461,674,581,222,123,110,664,12%,9%,16%,9.32,96,5.93,139
HAVELLS,Mar-14,8051,7274,777,446,35,102,116,594,25%,10%,42%,7.15,139,9.32,188
HAVELLS,Mar-15,8468,7713,755,385,48,96,139,569,32%,9%,49%,6.17,188,7.15,284
HAVELLS,Mar-16,7594,6798,796,1300,949,91,134,1520,14%,10%,29%,20.82,284,6.17,322
HAVELLS,Mar-17,6130,5315,815,495,42,13,121,723,32%,13%,44%,7.91,322,20.82,432
HAVELLS,Mar-18,8116,7083,1033,662,97,25,140,965,31%,13%,4%,10.6,432,7.91,592
HAVELLS,Mar-19,10073,8885,1189,788,124,16,149,1147,31%,12%,36%,12.59,592,10.6,724
HAVELLS,Mar-20,9440,8374,1067,735,107,51,218,904,19%,11%,34%,11.75,724,12.59,665
HAVELLS,Mar-21,10457,8868,1589,1044,187,90,249,1438,27%,15%,39%,16.68,665,11.75,1194
HCLTECH,Mar-16,31136,24482,6654,5602,871,74,410,7041,20%,21%,40%,19.86,455,26.02,435
HCLTECH,Mar-17,47568,37178,10390,8606,1069,89,828,10542,18%,22%,40%,30.16,435,19.86,434
HCLTECH,Mar-18,50569,39323,11246,8721,1230,69,1383,11024,21%,22%,19%,31.32,434,30.16,520
HCLTECH,Mar-19,60427,46501,13926,10120,943,174,2073,12622,20%,23%,11%,37.31,520,31.32,517
HCLTECH,Mar-20,70676,53360,17316,11057,589,505,3420,13980,21%,24%,25%,40.75,517,37.31,618
HCLTECH,Mar-21,75379,55331,20048,11145,927,511,4611,15853,30%,27%,24%,41.07,618,40.75,1067
HCLTECH,Jun-21,15730,13275,2456,1647,300,160,460,2135,23%,16%,31%,5.98,97,4.64,129
HCLTECH,Jun-21,20831,17135,3695,2423,206,143,549,3210,24%,18%,34%,8.74,129,5.98,109
HCLTECH,Jun-21,25581,19901,5680,4040,332,106,637,5270,23%,22%,21%,14.49,109,8.74,180
HCLTECH,Jun-21,32144,24108,8035,6510,677,114,681,7917,18%,25%,11%,23.25,180,14.49,394
HCLTECH,Jun-21,36701,28215,8486,7317,1126,91,404,9117,20%,23%,58%,26.02,394,23.25,455
HDFC,Mar-11,25765,12623,5266,4528,28,7876,49,5244,29%,20%,29%,30.87,547,22.58,738
HDFC,Mar-12,30276,12484,6240,5463,27,11552,51,6217,28%,21%,30%,36.98,738,30.87,726
HDFC,Mar-13,35948,14170,7483,6640,39,14296,54,7467,27%,21%,29%,42.94,726,36.98,850
HDFC,Mar-14,40753,15314,8831,7948,61,16608,47,8846,27%,22%,27%,50.93,850,42.94,887
HDFC,Mar-15,48316,19516,10089,8763,74,18710,47,10117,31%,21%,27%,55.65,887,50.93,1361
HDFC,Mar-16,53223,21228,11699,10190,34,20296,121,11613,31%,22%,26%,64.5,1361,55.65,1266
HDFC,Mar-17,61034,26377,12704,11051,53,21953,108,12650,32%,21%,26%,69.56,1266,64.5,1388
HDFC,Mar-18,79474,44714,10042,11980,6282,24718,116,16207,19%,13%,28%,71.48,1388,69.56,1986
HDFC,Mar-19,95694,51819,14349,16232,7891,29525,141,22099,20%,15%,22%,94.29,1986,71.48,2016
HDFC,Mar-20,101726,48983,20633,21435,5816,32109,256,26193,13%,20%,17%,123.75,2016,94.29,2499
HDFC,Mar-21,139034,92319,17634,18740,6959,29081,355,24237,15%,13%,22%,103.88,2499,123.75,2777
HDFCBANK,Mar-11,20043,8737,1881,3992,4585,9425,509,5957,33%,9%,19%,8.58,179,6.56,239
HDFCBANK,Mar-12,28193,10858,2229,5247,5992,15106,554,7667,31%,8%,19%,11.18,239,8.58,252
HDFCBANK,Mar-13,35861,12631,3534,6870,7133,19695,663,10004,31%,10%,19%,14.44,252,11.18,345
HDFCBANK,Mar-14,42555,13508,5602,8743,8298,23445,689,13211,34%,13%,19%,18.22,345,14.44,380
HDFCBANK,Mar-15,50666,16164,7214,10689,9546,27288,680,16079,33%,14%,19%,21.32,380,18.22,550
HDFCBANK,Mar-16,63162,20055,9037,12801,11212,34070,738,19511,34%,14%,19%,25.32,550,21.32,554
HDFCBANK,Mar-17,73271,23856,11374,15280,12905,38042,886,23393,35%,16%,18%,29.81,554,25.32,650
HDFCBANK,Mar-18,85288,29532,13374,18510,16057,42381,967,28464,35%,16%,18%,35.66,650,29.81,1006
HDFCBANK,Mar-19,105161,34856,16592,22332,18947,53713,1221,34318,35%,16%,18%,41,1006,35.66,1083
HDFCBANK,Mar-20,122189,45459,14593,27254,24879,62137,1277,38195,29%,12%,5%,49.7,1083,41,1304
HDFCBANK,Mar-21,128552,52457,16848,31833,27333,59248,1385,42796,26%,13%,11%,57.74,1304,49.7,1511
HINDALCO,Mar-11,72202,64299,7903,2456,513,1839,2734,3843,25%,11%,12%,12.83,179,9.85,252
HINDALCO,Mar-12,80821,72856,7965,3397,783,1758,2645,4345,18%,10%,9%,17.74,252,12.83,148
HINDALCO,Mar-13,80193,72494,7699,3027,1111,2079,2822,3909,23%,10%,6%,15.81,148,17.74,137
HINDALCO,Mar-14,87695,79671,8024,2175,677,2702,3347,2653,20%,9%,9%,10.53,137,15.81,142
HINDALCO,Mar-15,104281,95437,8844,854,-832,4178,3493,340,75%,8%,24%,4.14,142,10.53,161
HINDALCO,Mar-16,98759,90981,7778,-251,1500,5134,4347,-203,-245%,8%,-82%,-1.21,161,4.14,85
HINDALCO,Mar-17,100184,87867,12317,1900,1198,5742,4457,3315,43%,12%,13%,8.47,85,-1.21,195
HINDALCO,Mar-18,115183,101488,13695,6083,2879,3911,4506,8157,25%,12%,4%,27.1,195,8.47,284
HINDALCO,Mar-19,130542,115031,15511,5496,1127,3778,4777,8083,32%,12%,5%,24.48,284,27.1,225
HINDALCO,Mar-20,118144,103838,14306,3767,906,4197,5091,5924,36%,12%,6%,16.77,225,24.48,221
HINDALCO,Mar-21,131985,116148,15837,3483,735,3738,6628,6206,44%,12%,19%,15.5,221,16.77,275
HINDPETRO,Mar-11,138742,134674,4068,1704,961,919,1498,2612,35%,3%,28%,11.18,90,9.69,97
HINDPETRO,Mar-12,185284,180951,4333,175,937,2481,1922,867,80%,2%,165%,1.15,97,11.18,66
HINDPETRO,Mar-13,216355,212740,3614,501,1405,1773,2365,882,43%,2%,57%,3.29,66,1.15,84
HINDPETRO,Mar-14,234237,228875,5363,1080,1366,2393,3011,1325,19%,2%,49%,7.09,84,3.29,70
HINDPETRO,Mar-15,216648,211916,4733,1499,1836,1841,2497,2231,33%,2%,55%,9.84,70,7.09,147
HINDPETRO,Mar-16,177910,169575,8335,4675,1970,723,2846,6735,31%,5%,25%,30.68,147,9.84,202
HINDPETRO,Mar-17,187493,176607,10886,8236,3697,609,2776,11197,26%,6%,37%,54.05,202,30.68,367
HINDPETRO,Mar-18,219510,208732,10778,7218,2785,618,2834,10110,29%,5%,36%,47.37,367,54.05,435
HINDPETRO,Mar-19,275491,263963,11527,6691,2383,786,3085,10039,33%,4%,36%,43.91,435,47.37,258
HINDPETRO,Mar-20,269092,263887,5204,2639,679,1139,3370,1374,-92%,2%,56%,17.32,258,43.91,270
HINDPETRO,Mar-21,233248,217194,16055,10663,2731,963,3625,14197,25%,7%,31%,73.24,270,17.32,237
HINDUNILVR,Mar-11,20023,17305,2717,2296,470,1,229,2957,22%,14%,61%,10.63,268,9.89,329
HINDUNILVR,Mar-12,23436,19936,3500,2791,357,2,234,3622,23%,15%,58%,12.91,329,10.63,411
HINDUNILVR,Mar-13,27004,22784,4220,3829,1123,26,251,5066,24%,16%,104%,17.71,411,12.91,536
HINDUNILVR,Mar-14,29234,24475,4759,3946,792,41,296,5215,24%,16%,71%,18.24,536,17.71,608
HINDUNILVR,Mar-15,31972,26560,5412,4363,1247,18,322,6320,31%,17%,74%,20.17,608,18.24,968
HINDUNILVR,Mar-16,32186,26276,5910,4151,486,17,353,6026,31%,18%,83%,19.18,968,20.17,868
HINDUNILVR,Mar-17,33162,26834,6328,4476,606,35,432,6467,31%,19%,82%,20.68,868,19.18,875
HINDUNILVR,Mar-18,35545,28046,7499,5214,353,26,520,7306,28%,21%,83%,24.09,875,20.68,1410
HINDUNILVR,Mar-19,39310,30430,8880,6054,322,33,565,8604,30%,23%,78%,27.97,1410,24.09,1824
HINDUNILVR,Mar-20,39783,29930,9853,6748,432,118,1002,9165,26%,25%,80%,31.17,1824,27.97,2085
HINDUNILVR,Mar-21,47028,35403,11625,7995,171,117,1074,10605,25%,25%,119%,34.03,2085,31.17,2456
ICICIBANK,Mar-11,30081,33126,-22387,6093,31513,19343,740,8387,25%,-74%,26%,9.62,164,7.62,210
ICICIBANK,Mar-12,37995,30293,-17311,7643,28663,25013,671,10680,26%,-46%,25%,12.06,210,9.62,164
ICICIBANK,Mar-13,44885,31684,-15085,9604,29320,28285,625,13610,26%,-34%,24%,15.14,164,12.06,181
ICICIBANK,Mar-14,49479,32852,-13084,11041,30085,29711,719,16282,28%,-26%,24%,17.38,181,15.14,232
ICICIBANK,Mar-15,54964,38766,-16120,12247,35252,32318,798,18334,29%,-29%,24%,19.2,232,17.38,357
ICICIBANK,Mar-16,59294,52252,-26955,10180,42102,33996,843,14304,24%,-45%,29%,15.92,357,19.2,239
ICICIBANK,Mar-17,60940,63841,-37737,10188,52458,34836,912,13809,18%,-62%,14%,15.9,239,15.92,250
ICICIBANK,Mar-18,62162,72806,-44906,7712,56807,34262,922,10978,17%,-72%,12%,12,250,15.9,365
ICICIBANK,Mar-19,71982,83775,-50971,4254,59325,39178,946,7408,23%,-71%,15%,6.6,365,12,383
ICICIBANK,Mar-20,84836,85361,-45190,9566,64950,44666,1171,18589,40%,-53%,0%,14.78,383,6.6,547
ICICIBANK,Mar-21,89163,91309,-44805,18384,72174,42659,1340,26028,22%,-50%,8%,26.58,547,14.78,561
INDUSTOWER,Mar-11,8508,5402,3106,551,140,433,2019,795,31%,37%,0%,4.9,124,3.7,162
INDUSTOWER,Mar-12,9452,5913,3540,749,140,407,2144,1128,34%,37%,0%,6.1,162,4.9,200
INDUSTOWER,Mar-13,10272,6465,3807,1002,338,394,2220,1531,35%,37%,104%,5.31,200,6.1,216
INDUSTOWER,Mar-14,10827,6427,4400,1518,449,400,2126,2323,35%,41%,55%,8.03,216,5.31,215
INDUSTOWER,Mar-15,11668,6664,5004,1992,522,290,2185,3052,35%,43%,105%,10.52,215,8.03,386
INDUSTOWER,Mar-16,5558,3070,2488,2247,1679,33,1155,2979,25%,45%,25%,11.85,386,10.52,434
INDUSTOWER,Mar-17,6085,3260,2825,2747,1960,39,1166,3580,23%,46%,108%,14.85,434,11.85,361
INDUSTOWER,Mar-18,6621,3464,3157,2494,1599,46,1180,3529,29%,48%,104%,13.48,361,14.85,383
INDUSTOWER,Mar-19,6826,3714,3112,2494,1559,53,1066,3553,30%,46%,111%,13.48,383,13.48,300
INDUSTOWER,Mar-20,6743,3185,3558,3299,1846,335,1282,3788,13%,53%,59%,17.83,300,13.48,258
INDUSTOWER,Mar-21,13954,6775,7179,3779,1262,836,2848,4757,21%,51%,143%,14.02,258,17.83,275
INFY,Mar-11,27501,18531,8970,6835,1211,2,854,9325,27%,33%,50%,14.88,337,13.65,437
INFY,Mar-12,33734,23007,10727,8332,1904,4,928,11699,29%,32%,32%,18.14,437,14.88,361
INFY,Mar-13,40352,28814,11538,9429,2365,5,1099,12799,26%,29%,25%,20.52,361,18.14,354
INFY,Mar-14,50133,36743,13390,10656,2664,9,1317,14728,28%,27%,34%,23.31,354,20.52,481
INFY,Mar-15,53319,38436,14883,12372,3430,12,1017,17284,28%,28%,55%,26.93,481,23.31,556
INFY,Mar-16,62441,45362,17079,13489,3120,0,1459,18740,28%,27%,41%,29.36,556,26.93,585
INFY,Mar-17,68484,49880,18604,14353,3050,0,1703,19951,28%,27%,41%,31.24,585,29.36,520
INFY,Mar-18,70522,51700,18822,16029,3311,0,1863,20270,21%,27%,59%,36.69,520,31.24,610
INFY,Mar-19,82675,62505,20170,15404,2882,0,2011,21041,27%,24%,60%,35.26,610,36.69,751
INFY,Mar-20,90791,68524,22267,16594,2803,170,2893,22007,24%,25%,45%,38.96,751,35.26,792
INFY,Mar-21,100472,72583,27889,19351,2201,195,3267,26628,27%,28%,59%,45.42,792,38.96,1392
IOC,Mar-11,309797,295154,14643,7831,3421,3017,4933,10114,20%,5%,30%,8.06,83,11.03,88
IOC,Mar-12,408923,389402,19521,4226,-4268,5948,5309,3995,-7%,5%,30%,4.35,88,8.06,72
IOC,Mar-13,461780,447919,13861,4449,3499,7164,5692,4504,19%,3%,36%,4.58,72,4.35,93
IOC,Mar-14,488345,471123,17222,7086,5064,5948,6360,9978,30%,4%,30%,7.3,93,4.58,72
IOC,Mar-15,449507,438932,10575,4912,5860,4201,5219,7014,31%,2%,33%,5.06,72,7.3,88
IOC,Mar-16,346045,324007,22038,12022,5219,3487,5698,18072,31%,6%,28%,12.38,88,5.06,114
IOC,Mar-17,355379,321230,34149,19849,4356,3743,6806,27956,27%,10%,45%,20.44,114,12.38,196
IOC,Mar-18,421492,379834,41658,22189,4331,3875,7664,34450,34%,10%,90%,22.85,196,20.44,213
IOC,Mar-19,528158,492896,35262,17377,4097,4925,8506,25927,33%,7%,49%,18.46,213,22.85,139
IOC,Mar-20,483763,467710,16053,-893,-7165,5792,10273,-7177,74%,3%,-437%,-0.95,139,18.46,128
IOC,Mar-21,363950,324021,39929,21638,4696,2933,10941,30751,29%,11%,51%,22.98,128,-0.95,103
ITC,Mar-11,22566,14850,7716,5018,510,92,699,7435,32%,34%,69%,4.32,86,3.64,120
ITC,Mar-12,26516,17272,9244,6258,772,102,745,9168,31%,35%,56%,5.34,120,4.32,140
ITC,Mar-13,31618,20398,11221,7608,852,108,859,11106,31%,35%,55%,6.42,140,5.34,206
ITC,Mar-14,35306,22227,13080,8891,966,29,965,13052,31%,37%,54%,7.45,206,6.42,243
ITC,Mar-15,38817,24566,14252,9663,1229,91,1028,14362,32%,37%,52%,8.04,243,7.45,248
ITC,Mar-16,39192,24661,14531,9344,1483,78,1077,14859,36%,37%,73%,7.74,248,8.04,219
ITC,Mar-17,42768,27298,15470,10289,1759,49,1153,16026,35%,36%,56%,8.47,219,7.74,266
ITC,Mar-18,43449,26928,16521,11271,2240,115,1236,17409,34%,38%,56%,9.24,266,8.47,283
ITC,Mar-19,48340,29802,18537,12592,2080,71,1397,19150,33%,38%,56%,10.27,283,9.24,297
ITC,Mar-20,49388,30044,19344,15306,2417,81,1645,20035,22%,39%,82%,12.45,297,10.27,243
ITC,Mar-21,49257,32193,17065,13161,2577,58,1646,17938,25%,35%,101%,10.69,243,12.45,222
JINDALSTEL,Mar-11,13112,6728,6384,3754,177,423,1151,4987,24%,49%,4%,40.18,736,38.37,722
JINDALSTEL,Mar-12,18209,11410,6799,3965,310,533,1386,5189,23%,37%,4%,42.41,722,40.18,553
JINDALSTEL,Mar-13,19807,13701,6106,2910,333,1067,1539,3833,24%,31%,5%,31.13,553,42.41,475
JINDALSTEL,Mar-14,19286,13487,5799,1910,349,1807,1829,2512,25%,30%,7%,20.88,475,31.13,299
JINDALSTEL,Mar-15,19401,13937,5464,-1278,-1399,2875,2733,-1543,6%,28%,0%,-13.97,299,20.88,166
JINDALSTEL,Mar-16,19469,16032,3437,-2966,-79,3254,4068,-3964,22%,18%,0%,-32.42,166,-13.97,97
JINDALSTEL,Mar-17,21603,16894,4709,-2281,-362,3441,3949,-3043,17%,22%,0%,-24.93,97,-32.42,85
JINDALSTEL,Mar-18,33286,26817,6469,-1409,-584,3866,3883,-1864,13%,19%,0%,-14.56,85,-24.93,294
JINDALSTEL,Mar-19,46966,38553,8412,-1645,-1470,4264,5480,-2802,14%,18%,0%,-17,294,-14.56,165
JINDALSTEL,Mar-20,37923,31092,6831,-109,74,3768,3429,-291,-37%,18%,0%,-1.07,165,-17,189
JINDALSTEL,Mar-21,49458,36258,13200,4012,-617,3093,3453,6036,29%,27%,0%,39.33,189,-1.07,310
JSWSTEEL,Mar-11,24106,19237,4869,1754,189,1060,1560,2438,32%,20%,20%,7.86,120,8.54,121
JSWSTEEL,Mar-12,34368,27571,6797,538,-1444,1427,1933,1993,25%,20%,40%,2.41,121,7.86,70
JSWSTEEL,Mar-13,38210,31698,6512,963,-307,1967,2237,1999,42%,17%,30%,4.32,70,2.41,93
JSWSTEEL,Mar-14,51220,42051,9169,452,-1630,3048,3183,1308,70%,18%,74%,1.87,93,4.32,104
JSWSTEEL,Mar-15,52972,43608,9364,1797,103,3493,3434,2539,32%,18%,19%,7.43,104,1.87,108
JSWSTEEL,Mar-16,41546,35124,6422,-335,-1966,3601,3323,-2468,80%,15%,-67%,-1.39,108,7.43,112
JSWSTEEL,Mar-17,55604,43296,12308,3523,18,3768,3430,5128,33%,22%,19%,14.57,112,-1.39,201
JSWSTEEL,Mar-18,71933,57017,14916,6214,-177,3701,3387,7651,20%,21%,16%,25.71,201,14.57,300
JSWSTEEL,Mar-19,84757,65827,18930,7639,196,3917,4041,11168,33%,22%,16%,31.6,300,25.71,308
JSWSTEEL,Mar-20,73326,61513,11813,4030,-289,4265,4246,3013,-30%,16%,15%,16.67,308,31.6,284
JSWSTEEL,Mar-21,79839,59661,20178,7911,473,3957,4679,12015,34%,25%,25%,32.73,284,16.67,413
JUBLFOOD,Mar-11,678,558,120,72,1,0,29,92,22%,18%,0%,5.56,146,2.59,330
JUBLFOOD,Mar-12,1019,828,191,103,-1,0,38,152,32%,19%,0%,7.93,330,5.56,474
JUBLFOOD,Mar-13,1414,1171,243,131,6,0,56,194,32%,17%,0%,10.04,474,7.93,678
JUBLFOOD,Mar-14,1736,1486,250,118,9,0,79,180,34%,14%,0%,9.03,678,10.04,538
JUBLFOOD,Mar-15,2093,1836,256,111,6,0,101,161,31%,12%,15%,8.47,538,9.03,728
JUBLFOOD,Mar-16,2438,2173,265,97,10,0,128,147,34%,11%,17%,7.36,728,8.47,756
JUBLFOOD,Mar-17,2583,2339,245,58,-1,0,155,88,35%,9%,29%,4.38,756,7.36,449
JUBLFOOD,Mar-18,3018,2576,442,196,21,0,160,303,35%,15%,17%,14.87,449,4.38,1165
JUBLFOOD,Mar-19,3563,2961,603,320,44,0,157,490,35%,17%,21%,24.23,1165,14.87,1276
JUBLFOOD,Mar-20,3927,3045,883,280,38,165,352,403,31%,22%,28%,21.22,1276,24.23,1904
JUBLFOOD,Mar-21,3312,2532,780,232,64,163,375,306,25%,24%,34%,17.55,1904,21.22,2988
KOTAKBANK,Mar-11,5973,5995,-2690,1567,5090,2668,152,2247,30%,-45%,2%,10.63,219,9.39,232
KOTAKBANK,Mar-12,8470,5651,-1723,1832,4543,4542,164,2656,30%,-20%,2%,12.37,232,10.63,251
KOTAKBANK,Mar-13,10838,6603,-1789,2188,5112,6024,179,3144,30%,-17%,2%,14.66,251,12.37,342
KOTAKBANK,Mar-14,11986,7053,-1379,2465,5282,6312,208,3695,32%,-12%,2%,16,342,14.66,394
KOTAKBANK,Mar-15,13319,9718,-3366,3045,8152,6966,237,4550,33%,-25%,2%,19.72,394,16,722
KOTAKBANK,Mar-16,20402,11541,-2263,3459,7631,11123,345,5024,32%,-11%,3%,18.86,722,19.72,729
KOTAKBANK,Mar-17,22324,14832,-3965,4940,11660,11458,362,7332,32%,-18%,2%,26.84,729,18.86,802
KOTAKBANK,Mar-18,25131,16805,-4141,6201,13682,12467,383,9158,33%,-16%,2%,32.54,802,26.84,1119
KOTAKBANK,Mar-19,29831,19758,-5114,7204,16148,15187,458,10576,33%,-17%,2%,37.74,1119,32.54,1307
KOTAKBANK,Mar-20,33474,22578,-5005,8593,16892,15901,465,11422,25%,-15%,0%,44.92,1307,37.74,1729
KOTAKBANK,Mar-21,32820,30219,-10366,9990,23995,12967,461,13168,25%,-32%,2%,50.41,1729,44.92,2007
LT,Mar-11,51972,43849,8123,4464,1928,1931,1319,6801,34%,16%,20%,32.58,760,40.24,888
LT,Mar-12,64255,53578,10676,4702,886,3008,1580,6974,33%,17%,21%,34.13,888,32.58,616
LT,Mar-13,74426,63032,11394,5219,2523,4642,1637,7638,31%,15%,22%,37.69,616,34.13,738
LT,Mar-14,85054,70968,14086,4923,1337,6494,1446,7483,35%,17%,27%,35.41,738,37.69,868
LT,Mar-15,91929,76245,15684,4765,1422,7266,2623,7217,31%,17%,32%,34.17,868,35.41,1116
LT,Mar-16,101122,85637,15486,4281,1219,6899,1787,8020,30%,15%,40%,30.64,1116,34.17,860
LT,Mar-17,109312,92691,16620,6041,1466,6829,2370,8887,23%,15%,22%,43.17,860,30.64,1007
LT,Mar-18,119683,99572,20111,7370,1465,7714,2223,11639,27%,17%,30%,52.59,1007,43.17,1441
LT,Mar-19,135220,112354,22866,8905,2701,9339,1923,14305,28%,17%,28%,63.48,1441,52.59,1445
LT,Mar-20,145452,120899,24553,9549,3015,11021,2462,14086,23%,17%,26%,68.02,1445,63.48,1377
LT,Mar-21,135979,112519,23460,11583,8111,11750,2904,16918,24%,17%,44%,82.47,1377,68.02,1396
LUPIN,Mar-11,5819,4632,1187,863,13,34,171,994,12%,20%,16%,19.33,298,15.33,493
LUPIN,Mar-12,7083,5620,1463,868,-3,35,228,1196,26%,21%,18%,19.43,493,19.33,479
LUPIN,Mar-13,9641,7356,2284,1314,13,41,332,1925,30%,24%,14%,29.36,479,19.43,621
LUPIN,Mar-14,11286,8271,3015,1836,105,27,261,2832,34%,27%,15%,40.96,621,29.36,1003
LUPIN,Mar-15,12770,9146,3624,2403,235,10,435,3415,28%,28%,14%,53.47,1003,40.96,1591
LUPIN,Mar-16,14256,10564,3691,2261,184,59,487,3329,32%,26%,15%,50.17,1591,53.47,1859
LUPIN,Mar-17,17367,12865,4502,2557,106,153,912,3543,28%,26%,13%,56.63,1859,50.17,1529
LUPIN,Mar-18,15797,12649,3148,251,-1310,204,1086,547,53%,20%,90%,5.56,1529,56.63,970
LUPIN,Mar-19,14665,12104,2561,607,91,302,846,1503,59%,17%,37%,13.4,970,5.56,885
LUPIN,Mar-20,15375,13020,2355,-269,-134,363,970,887,130%,15%,-101%,-5.95,885,13.4,786
LUPIN,Mar-21,15163,12596,2567,1217,138,141,887,1676,27%,17%,24%,26.81,786,-5.95,1113
M&M,Mar-11,36864,30762,6102,3080,521,1135,972,4515,29%,17%,22%,25.08,299,21.43,400
M&M,Mar-12,59399,52140,7259,3127,526,1800,1802,4184,34%,12%,24%,25.46,400,25.08,354
M&M,Mar-13,68693,59578,9116,4099,841,2297,2080,5580,35%,13%,19%,33.38,354,25.46,487
M&M,Mar-14,74001,63830,10170,4667,773,2954,2170,5820,26%,14%,18%,37.89,487,33.38,479
M&M,Mar-15,71448,62655,8793,3137,800,3157,2124,4313,40%,12%,23%,25.26,479,37.89,687
M&M,Mar-16,75841,65759,10082,3148,1399,3368,2442,5672,37%,13%,21%,25.35,687,25.26,639
M&M,Mar-17,83773,73038,10735,3698,2077,3648,2813,6350,36%,13%,22%,29.77,639,25.35,634
M&M,Mar-18,92094,78868,13226,7510,4366,3987,3280,10326,23%,14%,11%,60.41,634,29.77,775
M&M,Mar-19,104721,89514,15207,5315,2676,5021,3991,8871,32%,15%,17%,42.76,775,60.41,805
M&M,Mar-20,75382,65224,10158,127,885,6021,3367,1655,119%,13%,205%,1.02,805,42.76,589
M&M,Mar-21,74278,62791,11487,1812,1152,6102,3378,3158,52%,15%,54%,14.58,589,1.02,843
MARICO,Mar-11,3135,2747,388,286,101,41,71,376,23%,12%,14%,2.33,53,1.9,68
MARICO,Mar-12,3980,3495,485,317,30,42,73,400,20%,12%,14%,2.58,68,2.33,78
MARICO,Mar-13,4596,3970,626,396,70,58,87,552,26%,14%,16%,3.07,78,2.58,119
MARICO,Mar-14,4687,3939,748,485,58,34,77,695,27%,16%,46%,3.76,119,3.07,106
MARICO,Mar-15,5733,4863,870,573,59,23,84,822,29%,15%,28%,4.45,106,3.76,184
MARICO,Mar-16,6017,4966,1051,711,93,21,95,1029,30%,17%,77%,5.51,184,4.45,233
MARICO,Mar-17,5918,4759,1159,799,96,17,90,1149,29%,20%,57%,6.19,233,5.51,264
MARICO,Mar-18,6322,5185,1137,814,85,16,89,1117,26%,18%,67%,6.31,264,6.19,328
MARICO,Mar-19,7334,6009,1325,1114,103,40,131,1257,10%,18%,55%,8.63,328,6.31,391
MARICO,Mar-20,7315,5846,1469,1021,95,50,140,1374,24%,20%,85%,7.91,391,8.63,353
MARICO,Mar-21,8048,6459,1589,1172,107,34,139,1523,21%,20%,83%,9.08,353,7.91,432
MARUTI,Mar-11,37156,33526,3629,2382,566,29,1031,3135,26%,10%,9%,82.46,1586,90.85,1453
MARUTI,Mar-12,36090,33807,2283,1681,1086,62,1162,2145,24%,6%,13%,58.19,1453,82.46,1226
MARUTI,Mar-13,44304,39944,4361,2469,797,198,1890,3070,20%,10%,10%,81.74,1226,58.19,1633
MARUTI,Mar-14,44542,39232,5310,2853,724,184,2116,3734,24%,12%,13%,94.44,1633,81.74,1860
MARUTI,Mar-15,50801,43909,6892,3807,817,218,2515,4976,24%,14%,20%,126.04,1860,94.44,3758
MARUTI,Mar-16,57589,48565,9024,5497,1464,82,2822,7585,28%,16%,19%,181.98,3758,126.04,4668
MARUTI,Mar-17,68085,57664,10421,7510,2399,89,2604,10127,26%,15%,30%,248.61,4668,181.98,5939
MARUTI,Mar-18,79809,67692,12118,7880,2155,346,2760,11167,29%,15%,31%,260.86,5939,248.61,9789
MARUTI,Mar-19,86068,75012,11056,7649,2664,76,3021,10624,28%,13%,32%,253.21,9789,260.86,7529
MARUTI,Mar-20,75660,68305,7355,5676,3410,134,3528,7103,20%,10%,32%,187.9,7529,253.21,7569
MARUTI,Mar-21,70372,64961,5411,4389,3046,102,3034,5321,18%,8%,31%,145.3,7569,187.9,8329
MCDOWELL-N,Mar-11,7280,6137,1144,570,248,456,102,834,32%,16%,6%,8.71,280,-0.36,328
MCDOWELL-N,Mar-12,9139,8021,1118,188,240,876,147,335,44%,12%,17%,2.87,328,8.71,139
MCDOWELL-N,Mar-13,10378,9287,1091,-101,146,985,178,73,244%,11%,-31%,-1.55,139,2.87,400
MCDOWELL-N,Mar-14,10508,13876,-3368,-4489,681,1323,203,-4213,-7%,-32%,0%,-61.78,400,-1.55,546
MCDOWELL-N,Mar-15,9254,9619,-366,-1688,-360,687,223,-1635,-3%,-4%,0%,-23.23,546,-61.78,717
MCDOWELL-N,Mar-16,610,8162,333,138,648,457,157,366,61%,4%,0%,1.9,717,-23.23,610
MCDOWELL-N,Mar-17,8818,7826,991,100,-265,375,189,163,43%,11%,0%,1.38,610,1.9,450
MCDOWELL-N,Mar-18,8591,7381,1209,634,172,278,192,912,28%,14%,0%,8.72,450,1.38,801
MCDOWELL-N,Mar-19,9341,7947,1394,700,70,237,215,1012,32%,15%,0%,9.64,801,8.72,634
MCDOWELL-N,Mar-20,9325,7756,1569,659,89,212,285,1160,47%,17%,0%,9.07,634,9.64,663
MCDOWELL-N,Mar-21,8131,7080,1051,384,-25,188,299,540,33%,13%,0%,5.28,663,9.07,661
NAUKRI,Mar-11,322,244,78,63,38,2,8,106,38%,24%,6%,5.78,459,6,337
NAUKRI,Mar-12,392,282,110,103,59,2,8,158,34%,28%,5%,9.46,337,5.78,315
NAUKRI,Mar-13,472,351,121,92,24,3,12,130,41%,26%,12%,8.39,315,9.46,353
NAUKRI,Mar-14,567,471,97,90,48,3,21,120,49%,17%,30%,8.21,353,8.39,654
NAUKRI,Mar-15,732,711,21,24,89,4,47,60,124%,3%,150%,2,654,8.21,887
NAUKRI,Mar-16,748,656,91,136,111,3,24,175,33%,12%,27%,11.21,887,2,884
NAUKRI,Mar-17,888,896,-9,-24,50,4,33,5,935%,-1%,-230%,-1.95,884,11.21,911
NAUKRI,Mar-18,988,769,219,512,401,5,30,585,14%,22%,13%,42.05,911,-1.95,1460
NAUKRI,Mar-19,1151,1142,9,604,737,7,22,716,17%,1%,12%,49.43,1460,42.05,1790
NAUKRI,Mar-20,1312,1662,-350,-238,286,14,48,-126,-95%,-27%,-31%,-19.39,1790,49.43,2935
NAUKRI,Mar-21,1120,1054,67,1407,1584,11,50,1589,11%,6%,7%,109.26,2935,-19.39,5880
NTPC,Mar-11,56860,42424,14436,9348,2412,1735,2720,12392,25%,25%,34%,9.45,199,8.93,169
NTPC,Mar-12,65231,49935,15296,9813,3088,2139,3107,13137,25%,23%,34%,9.92,169,9.45,149
NTPC,Mar-13,71518,53370,18149,12591,4777,2491,3823,16611,24%,25%,38%,12.72,149,9.92,139
NTPC,Mar-14,78330,58603,19727,11404,2792,3263,4770,14486,21%,25%,42%,11.53,139,12.72,103
NTPC,Mar-15,79957,62605,17352,9986,2338,3669,5565,10456,4%,22%,21%,10.09,103,11.53,122
NTPC,Mar-16,73396,54829,18568,10801,1188,3366,5771,10618,-2%,25%,26%,10.92,122,10.09,122
NTPC,Mar-17,82042,60445,21598,10720,1592,3753,6010,13426,20%,26%,37%,10.83,122,10.92,148
NTPC,Mar-18,88083,65598,22485,10544,5576,4447,7460,16154,35%,26%,40%,10.66,148,10.83,150
NTPC,Mar-19,100287,77576,22710,13737,2818,5605,8669,11255,-25%,23%,44%,13.88,150,10.66,125
NTPC,Mar-20,109464,77863,31601,11600,8194,8189,10356,21250,44%,29%,27%,11.72,125,13.88,125
NTPC,Mar-21,111531,77484,34047,14635,5017,9224,12450,17390,14%,31%,41%,15.09,125,11.72,104
ONGC,Mar-11,113844,79928,33916,22456,3718,438,2883,34313,33%,30%,33%,17.5,207,15.12,217
ONGC,Mar-12,140147,94797,45350,28144,11075,435,13187,42804,34%,32%,30%,21.93,217,17.5,188
ONGC,Mar-13,161984,118482,43501,24220,5488,484,11763,36742,35%,27%,34%,18.87,188,21.93,236
ONGC,Mar-14,174121,124991,49130,26507,7170,624,16262,39413,32%,28%,31%,20.65,236,18.87,223
ONGC,Mar-15,160923,118610,42312,18334,5955,2864,18033,27370,35%,26%,44%,14.29,223,20.65,238
ONGC,Mar-16,124036,84901,39135,12875,1067,3766,16384,20052,35%,32%,56%,10.03,238,14.29,163
ONGC,Mar-17,282506,229702,52804,24419,12724,3591,20219,41718,30%,19%,40%,19.03,163,10.03,211
ONGC,Mar-18,322706,265817,56889,22106,10429,4999,23112,39208,34%,18%,38%,17.23,211,19.03,212
ONGC,Mar-19,421624,346805,74819,30546,9567,5837,23704,54846,38%,18%,29%,24.28,212,17.23,150
ONGC,Mar-20,396728,344623,52105,10804,982,7489,26635,18962,40%,13%,58%,8.59,150,24.28,133
ONGC,Mar-21,303958,254492,49466,16249,11261,5079,25538,30110,29%,16%,28%,12.92,133,8.59,107
PEL,Mar-11,1673,18025,-16352,12883,33099,89,96,16563,22%,-977%,2%,649.04,397,19.51,475
PEL,Mar-12,2159,2160,-1,112,467,215,129,121,5%,0%,271%,5.47,475,649.04,421
PEL,Mar-13,3520,3086,434,-227,158,575,210,-193,-13%,12%,-133%,-11.15,421,5.47,562
PEL,Mar-14,4503,3855,648,-501,214,1050,247,-435,-14%,14%,-181%,-24.59,562,-11.15,543
PEL,Mar-15,5123,4233,890,2850,2946,511,290,3035,11%,17%,12%,139.77,543,-24.59,849
PEL,Mar-16,6342,4751,1590,905,579,959,255,954,5%,25%,33%,44.37,849,139.77,999
PEL,Mar-17,8504,4997,3506,1252,217,2031,382,1310,17%,41%,29%,61.42,999,44.37,1804
PEL,Mar-18,10631,5471,5160,5121,260,2978,477,1964,-146%,49%,9%,250.81,1804,61.42,2838
PEL,Mar-19,11883,5264,6619,1467,198,4100,401,2316,37%,56%,35%,70.23,2838,250.81,2352
PEL,Mar-20,13068,6801,6268,24,1555,5321,520,1982,99%,48%,1314%,1.07,2352,70.23,1727
PEL,Mar-21,12809,5338,7471,1332,754,4209,561,3456,59%,58%,56%,59.07,1727,1.07,1649
PIDILITIND,Mar-11,2657,2199,458,310,41,36,59,403,23%,17%,29%,6.13,114,5.39,154
PIDILITIND,Mar-12,3127,2641,485,324,42,31,64,433,25%,16%,30%,6.39,154,6.13,149
PIDILITIND,Mar-13,3678,3120,558,424,107,16,69,581,27%,15%,31%,8.27,149,6.39,239
PIDILITIND,Mar-14,4283,3611,672,450,38,16,81,612,27%,16%,31%,8.77,239,8.27,310
PIDILITIND,Mar-15,4844,4073,771,513,40,16,118,678,25%,16%,29%,10,310,8.77,607
PIDILITIND,Mar-16,5361,4188,1173,803,81,13,100,1141,29%,22%,26%,15.66,607,10,575
PIDILITIND,Mar-17,5617,4355,1262,860,115,14,115,1248,31%,22%,28%,16.77,575,15.66,701
PIDILITIND,Mar-18,6078,4737,1341,962,153,16,120,1359,29%,22%,32%,18.95,701,16.77,922
PIDILITIND,Mar-19,7078,5707,1371,925,130,26,133,1342,31%,19%,36%,18.21,922,18.95,1178
PIDILITIND,Mar-20,7294,5718,1576,1116,97,34,170,1470,24%,22%,32%,21.97,1178,18.21,1545
PIDILITIND,Mar-21,7293,5606,1686,1131,74,37,201,1522,26%,23%,38%,22.26,1545,21.97,1842
PNB,Mar-11,27551,8744,3300,4575,3658,15507,265,6694,33%,12%,15%,28.88,192,23,247
PNB,Mar-12,37495,10472,3234,5025,4240,23789,302,7171,31%,9%,15%,29.63,247,28.88,203
PNB,Mar-13,43071,12456,2812,4954,4310,27802,336,6786,27%,7%,19%,28.03,203,29.63,184
PNB,Mar-14,44958,16112,626,3617,4710,28220,367,4969,29%,1%,10%,19.98,184,28.03,155
PNB,Mar-15,48710,18760,-1394,3400,6175,31343,384,4397,24%,-3%,18%,18.33,155,19.98,222
PNB,Mar-16,50804,27453,-10980,-3690,6100,34331,413,-5293,31%,-22%,-2%,-18.79,222,18.33,117
PNB,Mar-17,48058,22533,-7197,1187,9168,32722,430,1540,41%,-15%,0%,5.58,117,-18.79,140
PNB,Mar-18,48725,43345,-28151,-12113,8883,33530,581,-19849,37%,-58%,0%,-43.88,140,5.58,197
PNB,Mar-19,52147,39645,-22153,-9570,7367,34656,584,-15370,35%,-42%,0%,-20.79,197,-43.88,85
PNB,Mar-20,54918,25867,-7946,438,9388,36997,614,827,56%,-14%,0%,0.65,85,-20.79,67
PNB,Mar-21,81866,39422,-8360,2562,13124,50805,982,3782,43%,-10%,0%,2.45,67,0.65,42
POWERGRID,Mar-12,10323,1898,8425,3303,888,1986,2637,4690,30%,82%,30%,5.35,74,4.33,78
POWERGRID,Mar-13,13081,2244,10837,4313,966,2599,3428,5776,25%,83%,31%,6.99,78,5.35,87
POWERGRID,Mar-14,15555,2588,12967,4548,725,3254,4079,6359,28%,83%,30%,6.52,87,6.99,81
POWERGRID,Mar-15,17540,2613,14927,5046,731,4081,5173,6404,21%,85%,21%,7.23,81,6.52,113
POWERGRID,Mar-16,20652,2468,18184,5959,656,5086,6182,7572,21%,88%,20%,8.54,113,7.23,111
POWERGRID,Mar-17,25697,3247,22450,7451,933,6204,7722,9457,21%,87%,31%,10.68,111,8.54,156
POWERGRID,Mar-18,29954,3993,25961,8204,4065,7324,9231,13471,39%,87%,33%,11.76,156,10.68,152
POWERGRID,Mar-19,35059,8140,26920,10034,1505,8737,10541,9147,-10%,77%,43%,14.38,152,11.76,150
POWERGRID,Mar-20,37744,4858,32886,11059,2820,9509,11607,14590,24%,87%,47%,15.85,150,14.38,158
POWERGRID,Mar-21,39640,4659,34980,12036,694,8135,12039,15501,22%,88%,42%,17.26,158,15.85,155
RELIANCE,Mar-11,265050,226427,38623,19294,1964,2411,14121,24055,20%,15%,12%,27.63,569,35.12,540
RELIANCE,Mar-12,357677,324501,33176,19724,7526,2893,12401,25408,22%,9%,13%,28.27,540,27.63,410
RELIANCE,Mar-13,395957,362802,33155,20879,7757,3463,11232,26217,20%,8%,13%,30.31,410,28.27,473
RELIANCE,Mar-14,433521,398586,34935,22493,8865,3836,11201,28763,22%,8%,12%,32.62,473,30.31,465
RELIANCE,Mar-15,374372,336923,37449,23566,8528,3316,11547,31114,24%,10%,12%,34.14,465,32.62,462
RELIANCE,Mar-16,272583,230802,41781,29745,12212,3691,11565,38737,23%,15%,10%,43.03,462,34.14,539
RELIANCE,Mar-17,303954,257647,46307,29901,9222,3849,11646,40034,25%,15%,11%,43.11,539,43.03,543
RELIANCE,Mar-18,390823,326508,64315,36075,9869,8052,16706,49426,27%,16%,10%,53.39,543,43.11,981
RELIANCE,Mar-19,568337,484087,84250,39588,8406,16495,20934,55227,28%,15%,10%,58.55,981,53.39,1252
RELIANCE,Mar-20,596679,507413,89266,39354,8570,22027,22203,53606,26%,15%,10%,58.2,1252,58.55,1593
RELIANCE,Mar-21,466307,385517,80790,49128,22432,21189,26572,55461,3%,17%,9%,77.5,1593,58.2,2120
SAIL,Mar-11,43347,35649,7697,5014,1862,572,1603,7384,32%,18%,20%,3.2,267,3.2,189
SAIL,Mar-12,46601,40432,6169,3594,1884,1085,1686,5282,32%,13%,23%,8.7,189,3.2,86
SAIL,Mar-13,44891,39982,4910,2329,923,846,1527,3460,33%,11%,35%,5.64,86,8.7,101
SAIL,Mar-14,46804,42646,4157,2652,2071,1047,1836,3346,21%,9%,31%,6.42,101,5.64,61
SAIL,Mar-15,46032,41217,4815,2035,892,1555,1907,2245,14%,10%,41%,4.93,61,6.42,84
SAIL,Mar-16,38793,41628,-2834,-4176,425,2300,2404,-7114,41%,-7%,0%,-10.11,84,4.93,52
SAIL,Mar-17,44210,44094,115,-2756,378,2528,2682,-4716,42%,0%,0%,-6.67,52,-10.11,99
SAIL,Mar-18,57496,52788,4708,-281,654,2823,3066,-527,47%,8%,0%,-0.68,99,-6.67,54
SAIL,Mar-19,66973,57167,9807,2349,283,3155,3385,3549,34%,15%,9%,5.69,54,-0.68,54
SAIL,Mar-20,61664,51400,10264,2121,280,3487,3756,3302,36%,17%,0%,5.13,54,5.69,50
SAIL,Mar-21,69114,56337,12776,4148,1349,2817,4103,7206,42%,18%,28%,10.04,50,5.13,80
SBIN,Mar-11,113636,57966,-12416,10685,33716,68086,1381,19920,44%,-11%,18%,16.83,231,18.48,285
SBIN,Mar-12,147197,61729,-3851,15343,29692,89320,1372,24469,35%,-3%,15%,22.86,285,16.83,171
SBIN,Mar-13,167976,66283,-5124,17916,32584,106818,1577,25882,29%,-3%,16%,26.19,171,22.86,255
SBIN,Mar-14,189062,82198,-14614,14174,37882,121479,1942,21326,32%,-8%,16%,18.99,255,26.19,166
SBIN,Mar-15,207974,96675,-21879,16994,49315,133179,1581,25855,32%,-11%,15%,22.76,166,18.99,316
SBIN,Mar-16,220633,109985,-32399,12225,52828,143047,2252,18177,30%,-15%,17%,15.75,316,22.76,226
SBIN,Mar-17,230447,145666,-64334,241,68193,149115,2915,945,141%,-28%,859%,0.3,226,15.75,253
SBIN,Mar-18,228970,169034,-86666,-4556,77527,146603,3105,-12245,66%,-38%,0%,-5.11,253,0.3,312
SBIN,Mar-19,253322,166104,-68649,2300,77365,155867,3496,5220,41%,-27%,0%,2.58,312,-5.11,307
SBIN,Mar-20,269852,172909,-64181,19768,98159,161124,3662,30317,40%,-24%,0%,22.15,307,2.58,337
SBIN,Mar-21,278115,192821,-70715,22405,107222,156010,3711,32796,26%,-25%,16%,25.11,337,22.15,291
SUNPHARMA,Mar-11,5728,3766,1962,1816,353,74,205,2036,6%,34%,20%,8.77,160,6.52,255
SUNPHARMA,Mar-12,8019,5047,2972,2657,702,28,291,3355,9%,37%,17%,12.83,255,8.77,255
SUNPHARMA,Mar-13,11131,6346,4784,2983,-90,43,336,4315,20%,43%,9%,14.4,255,12.83,383
SUNPHARMA,Mar-14,16080,9078,7003,3141,-1968,44,409,4581,15%,44%,10%,15.17,383,14.4,653
SUNPHARMA,Mar-15,27392,19498,7894,4539,283,579,1195,6403,14%,29%,14%,21.92,653,15.17,836
SUNPHARMA,Mar-16,28487,20313,8174,4546,-42,523,1038,6571,14%,29%,5%,18.89,836,21.92,821
SUNPHARMA,Mar-17,31578,21476,10102,6964,610,400,1265,9048,13%,32%,12%,29.03,821,18.89,649
SUNPHARMA,Mar-18,26489,20858,5631,2096,-135,518,1500,3479,26%,21%,23%,8.73,649,29.03,587
SUNPHARMA,Mar-19,29066,22689,6377,2665,-258,555,1753,3810,16%,22%,25%,11.11,587,8.73,453
SUNPHARMA,Mar-20,32838,25855,6983,3765,382,303,2053,5010,16%,21%,25%,15.69,453,11.11,449
SUNPHARMA,Mar-21,33498,25028,8470,2904,-3449,141,2080,2799,18%,25%,62%,12.1,449,15.69,622
TATACONSUM,Mar-13,7351,6581,770,373,56,84,105,637,26%,10%,36%,6.03,97,5.76,166
TATACONSUM,Mar-14,7738,6986,752,481,170,87,129,707,26%,10%,29%,7.77,166,6.03,144
TATACONSUM,Mar-15,7993,7201,792,248,-77,82,133,500,43%,10%,6%,4.01,144,7.77,157
TATACONSUM,Mar-16,6637,6271,366,-6,38,117,117,170,118%,6%,-2572%,-0.09,157,4.01,149
TATACONSUM,Mar-17,6780,5988,791,389,88,92,126,662,30%,12%,38%,6.17,149,-0.09,126
TATACONSUM,Mar-18,6815,5976,839,496,73,43,116,753,25%,12%,30%,7.85,126,6.17,317
TATACONSUM,Mar-19,7252,6466,786,408,124,52,123,735,36%,11%,39%,6.47,317,7.85,216
TATACONSUM,Mar-20,9637,8345,1292,460,-163,78,242,809,34%,13%,54%,4.99,216,6.47,343
TATACONSUM,Mar-21,11602,10058,1544,857,91,69,255,1311,24%,13%,44%,9.3,343,4.99,614
TATAMOTORS,Mar-10,92519,86210,6309,2571,3566,2465,3887,3523,29%,7%,33%,9.62,731,62.62327273,167
TATAMOTORS,Mar-11,122128,105541,16586,9274,891,2385,4656,10437,12%,14%,14%,32.66,167,9.62,264
TATAMOTORS,Mar-12,165654,143439,22215,13516,-74,2982,5625,13534,0%,13%,9%,47.6,264,32.66,203
TATAMOTORS,Mar-13,188793,164197,24596,9893,213,3560,7601,13647,28%,13%,6%,34.62,203,47.6,333
TATAMOTORS,Mar-14,232834,197980,34853,13991,-157,4749,11078,18869,25%,15%,5%,48.46,333,34.62,416
TATAMOTORS,Mar-15,263159,223920,39239,13986,714,4861,13389,21703,35%,15%,0%,48.44,416,48.46,520
TATAMOTORS,Mar-16,273046,234650,38395,11579,-2670,4889,16711,14126,21%,14%,1%,40.11,520,48.44,400
TATAMOTORS,Mar-17,269693,240104,29589,7454,1869,4238,17905,9315,35%,11%,0%,25.82,400,40.11,507
TATAMOTORS,Mar-18,291550,260093,31458,8989,5933,4682,21554,11155,39%,11%,0%,31.13,507,25.82,441
TATAMOTORS,Mar-19,301938,277274,24664,-28826,-26686,5759,23591,-31371,8%,8%,0%,-99.84,441,31.13,187
TATAMOTORS,Mar-20,261068,243081,17987,-12071,102,7243,21425,-10580,-4%,7%,0%,-39.08,187,-99.84,199
TATAMOTORS,Mar-21,249795,217507,32287,-13451,-11118,8097,23547,-10474,-24%,13%,0%,-40.51,199,-39.08,201
TATASTEEL,Mar-11,118753,105312,13441,8983,7031,3956,4415,12102,27%,11%,13%,80.73,623,-19.52,672
TATASTEEL,Mar-12,132900,120483,12417,5390,4935,4250,4517,8585,42%,9%,22%,47.84,672,80.73,350
TATASTEEL,Mar-13,134712,130746,3965,-7058,1445,3968,5575,-4133,-78%,3%,-11%,-62.65,350,47.84,422
TATASTEEL,Mar-14,148614,132430,16184,3595,716,4337,5841,6722,45%,11%,27%,31.91,422,-62.65,351
TATASTEEL,Mar-15,139504,136095,3409,-3926,5994,4848,5944,-1388,-185%,2%,-20%,-34.84,351,31.91,397
TATASTEEL,Mar-16,101965,102590,-625,-383,10346,4221,5306,193,358%,-1%,-203%,-3.4,397,-34.84,260
TATASTEEL,Mar-17,112299,99156,13144,-4241,-3789,5072,5673,-1391,-200%,12%,-23%,-37.64,260,-3.4,400
TATASTEEL,Mar-18,123249,101816,21433,13434,10898,5455,5742,21135,16%,17%,9%,119.26,400,-37.64,732
TATASTEEL,Mar-19,157669,128351,29318,10218,1524,7660,7342,15841,42%,19%,15%,90.71,732,119.26,501
TATASTEEL,Mar-20,148972,131144,17828,1557,-2920,7581,8708,-1380,185%,12%,74%,13.82,501,90.71,493
TATASTEEL,Mar-21,156294,125790,30504,7490,180,7607,9234,13844,41%,20%,40%,62.6,493,13.82,731
TCS,Mar-11,37325,26146,11178,9068,604,26,735,11021,17%,30%,30%,23.17,379,17.88,593
TCS,Mar-12,48894,34459,14435,10413,428,22,918,13923,24%,30%,47%,26.6,593,23.17,604
TCS,Mar-13,62989,44950,18040,13917,1178,48,1080,18090,22%,29%,31%,35.55,604,26.6,661
TCS,Mar-14,81809,56657,25153,19164,1637,39,1349,25402,24%,31%,33%,48.92,661,35.55,1149
TCS,Mar-15,94648,70167,24482,19852,3720,104,1799,26298,24%,26%,78%,50.68,1149,48.92,1299
TCS,Mar-16,108646,77969,30677,24270,3084,33,1888,31840,24%,28%,35%,61.58,1299,50.68,1207
TCS,Mar-17,117966,85655,32311,26289,4221,32,1987,34513,24%,27%,35%,66.71,1207,61.58,1195
TCS,Mar-18,123104,90588,32516,25826,3642,52,2014,34092,24%,26%,37%,67.46,1195,66.71,1410
TCS,Mar-19,146463,106957,39506,31472,4311,198,2056,41563,24%,27%,36%,83.87,1410,67.46,1919
TCS,Mar-20,156949,114840,42109,32340,4592,924,3529,42248,23%,27%,85%,86.19,1919,83.87,2260
TCS,Mar-21,164177,117631,46546,32430,1916,637,4065,43760,26%,28%,43%,87.67,2260,86.19,3128
TECHM,Mar-11,5140,3721,1419,644,-298,100,144,877,15%,28%,8%,12.79,263,14.32,188
TECHM,Mar-12,5490,4572,918,1096,30,103,161,685,21%,17%,5%,21.48,188,12.79,153
TECHM,Mar-13,6873,5451,1422,1288,-141,103,200,978,24%,21%,5%,25.13,153,21.48,253
TECHM,Mar-14,18802,14630,4172,3029,244,80,522,3815,20%,22%,15%,32.44,253,25.13,484
TECHM,Mar-15,22621,18428,4193,2628,106,69,611,3618,27%,19%,22%,27.35,484,32.44,672
TECHM,Mar-16,26494,22234,4260,2993,453,97,759,3857,22%,16%,35%,30.92,672,27.35,527
TECHM,Mar-17,29141,24956,4184,2813,775,129,978,3853,26%,14%,28%,28.88,527,30.92,507
TECHM,Mar-18,30773,26063,4710,3800,1417,162,1085,4879,22%,15%,33%,38.78,507,28.88,527
TECHM,Mar-19,34742,28471,6271,4298,534,133,1129,5543,23%,18%,29%,43.7,527,38.78,701
TECHM,Mar-20,36868,31365,5503,4033,1192,192,1446,5058,23%,15%,32%,41.76,701,43.7,784
TECHM,Mar-21,37855,31059,6796,4428,788,174,1458,5953,27%,18%,89%,45.73,784,41.76,1060
TITAN,Mar-11,6533,5915,618,433,55,35,35,603,28%,9%,13%,4.88,79,2.83,187
TITAN,Mar-14,10927,9880,1047,735,117,87,68,1010,27%,10%,25%,8.28,187,4.88,258
TITAN,Mar-15,11913,10761,1153,816,67,81,90,1049,22%,10%,25%,9.19,258,8.28,389
TITAN,Mar-16,11276,10337,939,675,69,42,98,868,22%,8%,29%,7.6,389,9.19,355
TITAN,Mar-17,13261,12097,1164,711,-42,38,111,973,28%,9%,32%,8.01,355,7.6,363
TITAN,Mar-18,16120,14476,1644,1130,70,53,131,1530,28%,10%,29%,12.73,363,8.01,913
TITAN,Mar-19,19779,17785,1994,1404,178,53,163,1957,29%,10%,32%,15.82,913,12.73,969
TITAN,Mar-20,21052,18589,2463,1501,153,166,348,2102,29%,12%,24%,16.91,969,15.82,1173
TITAN,Mar-21,21644,19919,1725,973,180,203,375,1327,27%,8%,37%,10.96,1173,16.91,1621
TORNTPHARM,Mar-11,2195,1807,389,270,55,39,63,342,21%,18%,25%,15.97,203,13.66,295
TORNTPHARM,Mar-12,2691,2189,502,284,-22,39,82,359,20%,19%,25%,16.79,295,15.97,275
TORNTPHARM,Mar-13,3203,2506,697,433,1,34,83,582,25%,22%,45%,25.58,275,16.79,381
TORNTPHARM,Mar-14,4172,3216,955,664,34,59,87,844,21%,23%,25%,39.23,381,25.58,578
TORNTPHARM,Mar-15,4636,3616,1020,751,286,175,191,940,20%,22%,25%,44.38,578,39.23,1205
TORNTPHARM,Mar-16,6687,3954,2733,1733,32,184,238,2343,26%,41%,34%,102.42,1205,44.38,1482
TORNTPHARM,Mar-17,5816,4438,1377,934,223,206,307,1088,14%,24%,25%,55.17,1482,102.42,1384
TORNTPHARM,Mar-18,5950,4601,1349,678,299,308,409,931,27%,23%,35%,40.07,1384,55.17,1433
TORNTPHARM,Mar-19,7673,5690,1983,436,-300,504,618,562,22%,26%,66%,25.78,1433,40.07,1890
TORNTPHARM,Mar-20,7939,5769,2170,1025,121,451,654,1187,14%,27%,53%,60.55,1890,25.78,1912
TORNTPHARM,Mar-21,8005,5519,2486,1252,57,358,658,1526,18%,31%,47%,73.98,1912,60.55,2872
ULTRACEMCO,Mar-11,13646,10950,2696,1367,154,292,813,1745,22%,20%,12%,49.9,1003,41.5,1099
ULTRACEMCO,Mar-12,18551,14357,4194,2403,371,256,963,3345,28%,23%,9%,87.69,1099,49.9,1189
ULTRACEMCO,Mar-13,20514,15674,4839,2678,304,252,1023,3867,30%,24%,9%,97.66,1189,87.69,2046
ULTRACEMCO,Mar-14,20730,16695,4035,2206,322,361,1139,2858,23%,19%,11%,80.44,2046,97.66,1998
ULTRACEMCO,Mar-15,23306,18881,4425,2098,350,587,1203,2986,30%,19%,12%,76.47,1998,80.44,2775
ULTRACEMCO,Mar-16,25153,20252,4901,2478,464,566,1377,3421,28%,19%,11%,90.3,2775,76.47,2828
ULTRACEMCO,Mar-17,25375,20162,5212,2715,648,640,1348,3872,30%,21%,10%,98.9,2828,90.3,3399
ULTRACEMCO,Mar-18,30979,24834,6145,2222,242,1238,1848,3301,33%,20%,13%,80.92,3399,98.9,4412
ULTRACEMCO,Mar-19,41462,34115,7347,2404,350,1778,2451,3468,31%,18%,13%,87.51,4412,80.92,3985
ULTRACEMCO,Mar-20,42430,33184,9246,5755,651,1992,2723,5183,-11%,22%,7%,199.4,3985,87.51,4464
ULTRACEMCO,Mar-21,44726,33158,11568,5463,619,1486,2700,8001,32%,26%,20%,189.26,4464,199.4,5613
UPL,Mar-13,9186,7531,1654,775,72,429,354,944,22%,18%,14%,11.67,89,8.02,93
UPL,Mar-14,10771,8753,2018,950,30,485,407,1157,19%,19%,18%,14.77,93,11.67,127
UPL,Mar-15,12091,9728,2363,1144,-11,517,425,1410,17%,20%,19%,17.79,127,14.77,236
UPL,Mar-16,14048,11700,2348,940,149,704,676,1117,15%,17%,23%,14.62,236,17.79,296
UPL,Mar-17,16312,13346,2966,1727,363,735,672,1922,10%,18%,20%,22.71,296,14.62,451
UPL,Mar-18,17378,13966,3412,2022,351,783,675,2305,12%,20%,20%,26.51,451,22.71,525
UPL,Mar-19,21837,18024,3813,1491,-197,963,880,1773,11%,17%,27%,19.52,525,26.51,524
UPL,Mar-20,35756,28984,6772,1776,-515,1481,2012,2764,21%,19%,26%,23.24,524,19.52,614
UPL,Mar-21,38694,30342,8352,2871,62,2060,2173,4181,16%,22%,27%,37.58,614,23.24,506
VEDL,Mar-11,10136,5008,5129,4222,615,87,96,5560,24%,51%,7%,48.58,421,31.64,346
VEDL,Mar-12,8978,5478,3500,2696,168,433,106,3129,33%,39%,13%,31.01,346,48.58,169
VEDL,Mar-14,66152,46557,19595,6299,1874,5094,6882,9493,-9%,30%,15%,21.25,205,26.24,189
VEDL,Mar-15,73710,51595,22114,-15646,-19222,5659,7159,-9925,-15%,30%,-8%,-52.77,189,21.25,225
VEDL,Mar-16,64262,82741,-18479,-12270,4290,5778,8572,-28540,37%,-29%,-8%,-41.39,225,-52.77,93
VEDL,Mar-17,72225,50849,21376,6958,4423,5855,6292,13652,17%,30%,83%,23.47,93,-41.39,233
VEDL,Mar-18,91866,66989,24877,10342,6087,5112,6283,19569,30%,27%,76%,27.82,233,23.47,346
VEDL,Mar-19,92048,68877,23171,7065,4270,5689,8192,13560,28%,25%,99%,19.01,346,27.82,198
VEDL,Mar-20,84447,63704,20743,-6664,-14932,4977,9093,-8259,43%,25%,-22%,-17.93,198,19.01,163
VEDL,Mar-21,88021,60703,27318,11602,2743,5210,7638,17213,13%,31%,30%,31.21,163,-17.93,189
VEDL,Mar-22,2749,2283,465,2280,33,475,197,-174,25%,17%,0%,26.24,169,31.01,205
WIPRO,Mar-11,31038,24592,6446,5292,771,193,789,6235,16%,21%,28%,8.09,159,7.1,186
WIPRO,Mar-12,37188,30156,7032,5604,1268,344,975,6981,20%,19%,26%,8.55,186,8.09,159
WIPRO,Mar-13,37430,29773,7657,6150,1440,289,940,7869,21%,20%,28%,9.36,159,8.55,158
WIPRO,Mar-14,43424,33788,9635,7947,1922,383,1060,10114,21%,22%,25%,12.08,158,9.36,225
WIPRO,Mar-15,46951,36652,10299,8661,2450,350,1175,11224,22%,22%,34%,13.15,225,12.08,211
WIPRO,Mar-16,51244,40448,10796,8908,2752,558,1496,11494,22%,21%,17%,13.52,211,13.15,211
WIPRO,Mar-17,55448,44128,11321,8493,2623,594,2310,11039,23%,20%,6%,13.1,211,13.52,182
WIPRO,Mar-18,54487,44100,10387,8003,2550,583,2112,10242,22%,19%,6%,13.27,182,13.1,243
WIPRO,Mar-19,59019,47406,11613,9004,2614,738,1947,11542,22%,20%,7%,14.92,243,13.27,249
WIPRO,Mar-20,61138,48795,12342,9722,2728,733,2086,12252,20%,20%,6%,17.02,249,14.92,256
WIPRO,Mar-21,61935,47164,14771,10796,2404,509,2763,13903,22%,24%,5%,19.7,256,17.02,432